编号,文件名,标题,页数,中文字符数,中文占比,每页中文字符中位数,平均图片面积占比,最大单页图片面积占比,公式符号占比,来源网址
001,001_制造业中试平台重点方向建设要点（2025版）.pdf,制造业中试平台重点方向建设要点（2025版）,9,8478,0.9922,978,0.0,0.0,0.0,https://www.gov.cn/zhengce/zhengceku/202511/P020251111621971101981.pdf
002,002_通过复核的第三批国家工业遗产名单.pdf,通过复核的第三批国家工业遗产名单,8,4865,0.9967,638.0,0.0,0.0,0.0,https://www.gov.cn/zhengce/zhengceku/202510/P020251023673841442628.pdf
003,003_核事故场内医学应急准备与响应标准.pdf,核事故场内医学应急准备与响应标准,13,7467,0.9408,618,0.0,0.0,0.000191,https://www.gov.cn/zhengce/zhengceku/202509/P020250925516328663970.pdf
004,004_电子信息制造业发展“十五五”规划.pdf,电子信息制造业发展“十五五”规划,15,8563,0.9925,604,0.0,0.0,0.0,https://www.gov.cn/zhengce/zhengceku/202609/P020260915591218170456.pdf
005,005_2026年全民阅读活动周各地区重点活动.pdf,2026年全民阅读活动周各地区重点活动,5,2706,0.9971,595,0.0,0.0,0.0,https://www.gov.cn/zhengce/zhengceku/202604/P020260412673284270257.pdf
006,006_节能装备高质量发展实施方案（2026—2028年）.pdf,节能装备高质量发展实施方案（2026—2028年）,13,7378,0.9882,583,0.0,0.0,0.0,https://www.gov.cn/zhengce/zhengceku/202603/P020260320716940759093.pdf
007,007_低空经济及其核心产业统计分类（试行）.pdf,低空经济及其核心产业统计分类（试行）,12,6020,0.9995,576.0,0.0,0.0,0.0,https://www.gov.cn/zhengce/zhengceku/202512/P020251226805791741951.pdf
008,008_节水装备高质量发展实施方案（2025—2030年）.pdf,节水装备高质量发展实施方案（2025—2030年）,13,6648,0.9994,566,0.0,0.0,0.0,https://www.gov.cn/zhengce/zhengceku/202511/P020251103762569015408.pdf
009,009_第七批国家工业遗产名单.pdf,第七批国家工业遗产名单,11,6071,0.986,563,0.0,0.0,0.000339,https://www.gov.cn/zhengce/zhengceku/202510/P020251023673841327810.pdf
010,010_安全应急装备产业发展“十五五”规划.pdf,安全应急装备产业发展“十五五”规划,13,7578,1.0,562,0.0,0.0,0.0,https://www.gov.cn/zhengce/zhengceku/202608/P020260813691504325703.pdf
011,011_智能网联新能源汽车产业发展“十五五”规划.pdf,智能网联新能源汽车产业发展“十五五”规划,11,6082,0.9967,560,0.0,0.0,0.0,https://www.gov.cn/zhengce/zhengceku/202609/P020260912375693571065.pdf
012,012_生态环境监测“十五五”规划.pdf,生态环境监测“十五五”规划,11,5970,0.9978,539,0.0,0.0,0.0,https://www.gov.cn/zhengce/zhengceku/202607/P020260716298447185545.pdf
013,013_关于加强数字经济创新型企业培育的若干措施.pdf,关于加强数字经济创新型企业培育的若干措施,5,2563,1.0,539,0.0,0.0,0.0,https://www.gov.cn/zhengce/zhengceku/202509/P020250927585611372236.pdf
014,014_促进绿色消费实施方案.pdf,促进绿色消费实施方案,15,7619,0.9996,533,0.0,0.0,0.0,https://www.gov.cn/zhengce/zhengceku/2022-01/21/5669785/files/e10c0605ff484d4e89bc236aaaf494c4.pdf
015,015_国家应对气候变化“十五五”规划.pdf,国家应对气候变化“十五五”规划,10,5327,0.9996,528.5,0.0,0.0,0.0,https://www.gov.cn/zhengce/zhengceku/202607/P020260729634974745411.pdf
016,016_纺织服装卓越品牌培育行动方案（2026—2028年）.pdf,纺织服装卓越品牌培育行动方案（2026—2028年）,7,3586,1.0,528,0.0,0.0,0.0,https://www.gov.cn/zhengce/zhengceku/202605/P020260511630821288970.pdf
017,017_物流网建设实施方案.pdf,物流网建设实施方案,8,4084,0.9993,526.0,0.0,0.0,0.0,https://www.gov.cn/zhengce/zhengceku/202608/P020260828535692193302.pdf
018,018_关于加强和改进新时代宣传思想与意识形态工作的方案.pdf,关于加强和改进新时代宣传思想与意识形态工作的方案,10,5014,1.0,522.5,0.0,0.0,0.0,https://hjxy.sicau.edu.cn/__local/0/CC/63/10356B13E9EC54D2F2A365D630B_1B043C9E_48C27.pdf?e=.pdf
019,019_海水淡化产业发展行动方案.pdf,海水淡化产业发展行动方案,6,2884,1.0,521.0,0.0,0.0,0.0,https://www.gov.cn/zhengce/zhengceku/202607/P020260717340024999113.pdf
020,020_关于推动历史经典产业高质量发展的意见.pdf,关于推动历史经典产业高质量发展的意见,7,3435,1.0,520,0.0,0.0,0.0,https://www.gov.cn/zhengce/zhengceku/202609/P020260907445170206710.pdf
021,021_固体废物污染防治“十五五”规划.pdf,固体废物污染防治“十五五”规划,10,4731,0.9996,517.0,0.0,0.0,0.000353,https://www.gov.cn/zhengce/zhengceku/202607/P020260714732186443280.pdf
022,022_深化智慧城市发展推进全域数字化转型行动计划.pdf,深化智慧城市发展推进全域数字化转型行动计划,9,4486,0.9973,517,0.0,0.0,0.0,https://www.gov.cn/zhengce/zhengceku/202511/P020251101549934214409.pdf
023,023_重点行业节能降碳改造攻坚三年行动计划.pdf,重点行业节能降碳改造攻坚三年行动计划,7,3423,0.9988,515,0.0,0.0,0.0,https://www.gov.cn/zhengce/zhengceku/202606/P020260615439660864146.pdf
024,024_轻工业稳增长工作方案（2025—2026年）.pdf,轻工业稳增长工作方案（2025—2026年）,10,4690,0.9996,512.5,0.0,0.0,0.0,https://www.gov.cn/zhengce/zhengceku/202509/P020250919589202820393.pdf
025,025_过量照射人员医学检查与处理标准.pdf,过量照射人员医学检查与处理标准,7,2993,0.8693,511,0.0,0.0,0.0,https://www.gov.cn/zhengce/zhengceku/202509/P020250925516327703453.pdf
026,026_汽车行业稳增长工作方案（2025—2026年）.pdf,汽车行业稳增长工作方案（2025—2026年）,7,3437,0.9974,509,0.0,0.0,0.0,https://www.gov.cn/zhengce/zhengceku/202509/P020250913479433067283.pdf
027,027_北京市西城区人民政府广安门外街道办事处关于2024年法治政府建设工作情况的报告.pdf,北京市西城区人民政府广安门外街道办事处关于2024年法治政府建设工作情况的报告,10,4663,0.9998,503.0,0.0,0.0,0.0,https://www.bjxch.gov.cn/file/20241227/1735286395311095403.pdf
028,028_再生材料应用推广行动方案.pdf,再生材料应用推广行动方案,7,3115,1.0,502,0.0,0.0,0.0,https://www.gov.cn/zhengce/zhengceku/202512/P020251231765961943325.pdf
029,029_农业农村部关于印发《全国畜牧兽医行业发展“十五五”规划》的通知.pdf,农业农村部关于印发《全国畜牧兽医行业发展“十五五”规划》的通知,14,6285,1.0,502.0,0.0,0.0,0.000131,https://www.gov.cn/zhengce/zhengceku/202609/P020260911691118189412.pdf
030,030_新型储能规模化建设专项行动方案（2025—2027年）.pdf,新型储能规模化建设专项行动方案（2025—2027年）,7,3181,0.9981,500,0.0,0.0,0.0,https://www.gov.cn/zhengce/zhengceku/202509/P020250912411822546143.pdf
031,031_电子信息制造业2025－2026年稳增长行动方案.pdf,电子信息制造业2025－2026年稳增长行动方案,13,6051,0.9959,500,0.0,0.0,0.0,https://www.gov.cn/zhengce/zhengceku/202509/P020250904785908466147.pdf
032,032_关于推进城际铁路健康可持续发展的意见.pdf,关于推进城际铁路健康可持续发展的意见,6,2601,1.0,499.0,0.0,0.0,0.0,https://www.gov.cn/zhengce/zhengceku/202601/P020260126349372971062.pdf
033,033_关于增强消费品供需适配性进一步促进消费的实施方案.pdf,关于增强消费品供需适配性进一步促进消费的实施方案,7,3295,0.9964,498,0.0,0.0,0.0,https://www.gov.cn/zhengce/zhengceku/202511/P020251126542659829211.pdf
034,034_机械行业稳增长工作方案（2025—2026年）.pdf,机械行业稳增长工作方案（2025—2026年）,11,5230,0.9992,496,0.0,0.0,0.0,https://www.gov.cn/zhengce/zhengceku/202509/P020250929700526647582.pdf
035,035_石化化工行业稳增长工作方案（2025－2026年）.pdf,石化化工行业稳增长工作方案（2025－2026年）,8,3596,0.9986,493.0,0.0,0.0,0.0,https://www.gov.cn/zhengce/zhengceku/202509/P020250926661004801972.pdf
036,036_推进生态综合补偿实施方案.pdf,推进生态综合补偿实施方案,7,3115,1.0,488,0.0,0.0,0.0,https://www.gov.cn/zhengce/zhengceku/202605/P020260522527631653359.pdf
037,037_标准引领纺织工业优化升级行动方案.pdf,标准引领纺织工业优化升级行动方案,7,3089,0.9977,488,0.0,0.0,0.0,https://www.gov.cn/zhengce/zhengceku/202603/P020260331708714713298.pdf
038,038_修缮、改造项目设计、造价和监理咨询服务单位管理办法.pdf,修缮、改造项目设计、造价和监理咨询服务单位管理办法,6,2863,1.0,484.5,0.0,0.0,0.0,https://jjc.cumt.edu.cn/__local/7/3C/0E/8A8E7B833C933242F3E6ED48C5C_04BAEC95_2E4F9.pdf
039,039_“人工智能+信息通信”创新发展实施意见（2026—2028年）.pdf,“人工智能+信息通信”创新发展实施意见（2026—2028年）,8,3626,0.9789,483.5,0.0,0.0,0.0,https://www.gov.cn/zhengce/zhengceku/202606/P020260610711627707756.pdf
040,040_四川农业大学2024年工作要点.pdf,四川农业大学2024年工作要点,13,5779,0.9993,483,0.0,0.0,0.0,https://www.sicau.edu.cn/__local/5/C2/27/1A5C3B36A3C995D3A32A3214A46_957535C1_58B3D.pdf
041,041_跨省跨区电力应急调度管理办法.pdf,跨省跨区电力应急调度管理办法,6,2447,1.0,482.0,0.0,0.0,0.0,https://www.gov.cn/zhengce/zhengceku/202510/P020251013468012035020.pdf
042,042_促进平台经济大中小企业协同发展行动方案（2026—2028年）.pdf,促进平台经济大中小企业协同发展行动方案（2026—2028年）,9,3979,0.9975,481,0.0,0.0,0.0,https://www.gov.cn/zhengce/zhengceku/202606/P020260618769055501859.pdf
043,043_美丽中国建设全民行动促进计划（2026—2030年）.pdf,美丽中国建设全民行动促进计划（2026—2030年）,9,3921,1.0,480,0.0,0.0,0.0,https://www.gov.cn/zhengce/zhengceku/202606/P020260625757481372222.pdf
044,044_土壤、地下水和农业农村生态环境保护“十五五”规划.pdf,土壤、地下水和农业农村生态环境保护“十五五”规划,12,5471,0.9987,480.0,0.0,0.0,0.0,https://www.gov.cn/zhengce/zhengceku/202607/P020260717824101220629.pdf
045,045_关于开展零碳工厂建设工作的指导意见.pdf,关于开展零碳工厂建设工作的指导意见,7,2974,0.996,480,0.0,0.0,0.0,https://www.gov.cn/zhengce/zhengceku/202601/P020260119645494521007.pdf
046,046_电力现货连续运行地区市场建设指引.pdf,电力现货连续运行地区市场建设指引,6,2470,0.9996,479.5,0.0,0.0,0.0,https://www.gov.cn/zhengce/zhengceku/202509/P020250913380361721636.pdf
047,047_汽车行业数字化转型实施方案.pdf,汽车行业数字化转型实施方案,13,5686,0.9911,479,0.0,0.0,0.0,https://www.gov.cn/zhengce/zhengceku/202512/P020251230810280591653.pdf
048,048_电动汽车充电设施服务能力“三年倍增”行动方案（2025—2027年）.pdf,电动汽车充电设施服务能力“三年倍增”行动方案（2025—2027年）,5,2246,0.9965,479,0.0,0.0,0.0,https://www.gov.cn/zhengce/zhengceku/202510/P020251015833134832825.pdf
049,049_建材行业稳增长工作方案（2025—2026年）.pdf,建材行业稳增长工作方案（2025—2026年）,7,3067,0.9984,478,0.0,0.0,0.0,https://www.gov.cn/zhengce/zhengceku/202509/P020250924677310012591.pdf
050,050_关于推动互联网基础资源高质量发展的指导意见.pdf,关于推动互联网基础资源高质量发展的指导意见,7,3345,0.9838,477,0.0,0.0,0.0,https://www.gov.cn/zhengce/zhengceku/202607/P020260714379413306090.pdf
051,051_第四届“全国个体工商户服务月”主要活动.pdf,第四届“全国个体工商户服务月”主要活动,7,3373,0.9997,477,0.0,0.0,0.0,https://www.gov.cn/zhengce/zhengceku/202508/P020250826384204501627.pdf
052,052_工业园区高质量发展指引.pdf,工业园区高质量发展指引,7,3154,0.9987,474,0.0,0.0,0.0,https://www.gov.cn/zhengce/zhengceku/202509/P020250923424484856075.pdf
053,053_长株潭生态绿心加快绿色转型发展实施方案.pdf,长株潭生态绿心加快绿色转型发展实施方案,8,3512,0.9972,473.5,0.0,0.0,0.0,https://www.gov.cn/zhengce/zhengceku/202601/P020260107407256371677.pdf
054,054_关于推动物流数据开放互联有效降低全社会物流成本的实施方案.pdf,关于推动物流数据开放互联有效降低全社会物流成本的实施方案,7,3051,0.9977,473,0.0,0.0,0.0,https://www.gov.cn/zhengce/zhengceku/202511/P020251119519776203110.pdf
055,055_钢铁行业稳增长工作方案（2025—2026年）.pdf,钢铁行业稳增长工作方案（2025—2026年）,6,2562,1.0,473.0,0.0,0.0,0.0,https://www.gov.cn/zhengce/zhengceku/202509/P020250922419004924459.pdf
056,056_推动物联网产业创新发展行动方案（2026—2028年）.pdf,推动物联网产业创新发展行动方案（2026—2028年）,7,2964,0.9896,471,0.0,0.0,0.0,https://www.gov.cn/zhengce/zhengceku/202603/P020260331562733723674.pdf
057,057_电力装备行业稳增长工作方案（2025—2026年）.pdf,电力装备行业稳增长工作方案（2025—2026年）,6,2604,0.9996,469.5,0.0,0.0,0.0,https://www.gov.cn/zhengce/zhengceku/202509/P020250912418874752046.pdf
058,058_纺织服装创意设计领航集聚区建设指引.pdf,纺织服装创意设计领航集聚区建设指引,8,3354,0.9958,468.5,0.0,0.0,0.0,https://www.gov.cn/zhengce/zhengceku/202509/P020250929531834088034.pdf
059,059_推动工业互联网与人工智能协同赋能行动方案（2025-2027年）.pdf,推动工业互联网与人工智能协同赋能行动方案（2025-2027年）,7,3275,0.9936,468,0.0,0.0,0.0,https://www.gov.cn/zhengce/zhengceku/202601/P020260107758343733280.pdf
060,060_“法治护航民营经济”行动方案.pdf,“法治护航民营经济”行动方案,5,1993,1.0,463,0.0,0.0,0.0,https://www.gov.cn/zhengce/zhengceku/202605/P020260519735059153396.pdf
061,061_自然资源标准化管理办法.pdf,自然资源标准化管理办法,10,4305,1.0,462.5,0.0,0.0,0.0,https://www.gov.cn/zhengce/zhengceku/2020-07/17/5527769/files/52fdf855693c450fa031c354a1baa5ca.pdf
062,062_《安徽省公共资源交易评标评审专家库和专家管理办法》政策解读.pdf,《安徽省公共资源交易评标评审专家库和专家管理办法》政策解读,5,2029,0.9975,462,0.0,0.0,0.0,https://ggj.huainan.gov.cn/group4/M00/0C/80/rB40qWWeDpaAVZWxAANm9j_UV6k794.pdf
063,063_有色金属行业稳增长工作方案（2025—2026年）.pdf,有色金属行业稳增长工作方案（2025—2026年）,7,3039,0.999,461,0.0,0.0,0.0,https://www.gov.cn/zhengce/zhengceku/202509/P020250928687316920090.pdf
064,064_关于推动工业互联网高质量发展的实施意见.pdf,关于推动工业互联网高质量发展的实施意见,9,3994,0.9938,458,0.0,0.0,0.0,https://www.gov.cn/zhengce/zhengceku/202607/P020260701371234853663.pdf
065,065_铁路专项中央预算内投资管理办法.pdf,铁路专项中央预算内投资管理办法,8,3213,1.0,457.0,0.0,0.0,0.0,https://www.gov.cn/zhengce/zhengceku/202512/P020251216463556744107.pdf
066,066_制造业中试平台建设指引（2025版）.pdf,制造业中试平台建设指引（2025版）,8,3194,0.9978,455.0,0.0,0.0,0.0,https://www.gov.cn/zhengce/zhengceku/202511/P020251111621970980491.pdf
067,067_电力市场计量结算基本规则.pdf,电力市场计量结算基本规则,15,6713,1.0,455,0.0,0.0,0.0,https://www.gov.cn/zhengce/zhengceku/202508/P020250808530074868838.pdf
068,068_乡村振兴（和美乡村建设方向）中央预算内投资专项管理办法.pdf,乡村振兴（和美乡村建设方向）中央预算内投资专项管理办法,9,3915,1.0,451,0.0,0.0,0.0,https://www.gov.cn/zhengce/zhengceku/202511/P020251124484976522149.pdf
069,069_国家新兴产业创新中心管理办法.pdf,国家新兴产业创新中心管理办法,9,3988,0.9869,449,0.0,0.0,0.0,https://www.gov.cn/zhengce/zhengceku/202601/P020260124730797935494.pdf
070,070_农业农村部关于稳步推进稻渔综合种养产业高质量发展的通知.pdf,农业农村部关于稳步推进稻渔综合种养产业高质量发展的通知,8,2683,1.0,446.0,0.0,0.0,0.0,https://www.gov.cn/zhengce/zhengceku/202507/P020250721401256847682.pdf
071,071_非化石能源电力消费核算指南（试行）.pdf,非化石能源电力消费核算指南（试行）,13,5204,1.0,443,0.0,0.0,0.0,https://www.gov.cn/zhengce/zhengceku/202606/P020260602358924010195.pdf
072,072_能源规划管理办法.pdf,能源规划管理办法,8,3512,1.0,440.0,0.0,0.0,0.0,https://www.gov.cn/zhengce/zhengceku/202510/P020251004586655911333.pdf
073,073_加力推进石化化工行业老旧装置更新改造行动方案（2026—2029年）.pdf,加力推进石化化工行业老旧装置更新改造行动方案（2026—2029年）,11,4085,0.981,439,0.0,0.0,0.0,https://www.gov.cn/zhengce/zhengceku/202604/P020260403700826451092.pdf
074,074_城乡冷链和国家物流枢纽建设中央预算内投资专项管理办法.pdf,城乡冷链和国家物流枢纽建设中央预算内投资专项管理办法,7,2984,1.0,434,0.0,0.0,0.0,https://www.ndrc.gov.cn/xxgk/zcfb/ghxwj/202401/P020240110356244303808.pdf
075,075_国家产业技术工程化中心管理办法.pdf,国家产业技术工程化中心管理办法,12,4977,0.9901,433.0,0.0,0.0,0.0,https://www.gov.cn/zhengce/zhengceku/202601/P020260124735986240967.pdf
076,076_招标人主体责任履行指引.pdf,招标人主体责任履行指引,13,5532,1.0,430,0.0,0.0,0.0,https://www.gov.cn/zhengce/zhengceku/202511/P020251112302845586709.pdf
077,077_“小快轻准”数字化产品和服务培育指引（2026年版）.pdf,“小快轻准”数字化产品和服务培育指引（2026年版）,6,2541,0.9992,428.0,0.0,0.0,0.0,https://www.gov.cn/zhengce/zhengceku/202607/P020260727810872440791.pdf
078,078_民航空管基本服务收费清算管理办法.pdf,民航空管基本服务收费清算管理办法,10,3677,0.9978,425.5,0.0,0.0,0.0,https://www.gov.cn/zhengce/zhengceku/202512/P020251216478226401202.pdf
079,079_电力安全生产监督管理办法.pdf,电力安全生产监督管理办法,9,3895,1.0,424,0.0,0.0,0.0,https://fjb.nea.gov.cn/Upload/file/%E7%94%B5%E5%8A%9B%E5%AE%89%E5%85%A8%E7%94%9F%E4%BA%A7%E7%9B%91%E7%9D%A3%E7%AE%A1%E7%90%86%E5%8A%9E%E6%B3%95-08392266114.pdf
080,080_东北师范大学干部作风大整顿活动二级单位实施方案.pdf,东北师范大学干部作风大整顿活动二级单位实施方案,5,1992,0.9794,423,0.0,0.0,0.0,https://sky.nenu.edu.cn/skyold/attachmentDownload.portal_5.pdf
081,081_2026年知识产权强国建设推进计划.pdf,2026年知识产权强国建设推进计划,15,6085,0.9995,423,0.0,0.0,0.0,https://www.gov.cn/zhengce/zhengceku/202605/P020260516464045387005.pdf
082,082_中国证券投资基金业协会自律管理和纪律处分措施实施办法.pdf,中国证券投资基金业协会自律管理和纪律处分措施实施办法,15,6007,1.0,417,0.0,0.0,0.0,https://www.amac.org.cn/xwfb/xhyw/202212/P020231126355298387129.pdf
083,083_水利发展资金管理办法.pdf,水利发展资金管理办法,8,3394,0.9976,416.0,0.0,0.0,0.000249,https://www.gov.cn/zhengce/zhengceku/202308/P020230817429928103572.pdf
084,084_政府采购需求管理办法.pdf,政府采购需求管理办法,14,5431,1.0,414.5,0.0,0.0,0.0,https://www.gov.cn/zhengce/zhengceku/2021-05/10/5605643/files/d52d466b60564cc9803016f10098392b.pdf
085,085_高标准数字园区建设指南.pdf,高标准数字园区建设指南,6,2496,0.9992,412.5,0.0,0.0,0.0,https://www.gov.cn/zhengce/zhengceku/202511/P020251119777276564110.pdf
086,086_储备中试平台基本条件和管理要求.pdf,储备中试平台基本条件和管理要求,14,5148,0.9737,401.0,0.0,0.0,0.000413,https://www.gov.cn/zhengce/zhengceku/202511/P020251111621973394589.pdf
087,087_知识产权促进民营经济发展实施办法.pdf,知识产权促进民营经济发展实施办法,5,1848,1.0,393,0.0,0.0,0.0,https://www.gov.cn/zhengce/zhengceku/202511/P020251101562486301234.pdf
088,088_享受增值税加计抵减政策的集成电路企业条件.pdf,享受增值税加计抵减政策的集成电路企业条件,6,2147,0.9954,390.5,0.0,0.0,0.0,https://www.gov.cn/zhengce/zhengceku/202509/P020250918460144072395.pdf
089,089_高技术产业发展项目中央预算内投资（补助）暂行管理办法.pdf,高技术产业发展项目中央预算内投资（补助）暂行管理办法,12,4242,0.9998,381.5,0.0,0.0,0.0,https://www.gov.cn/xinwen/2016-12/19/5150166/files/ed702c11ebbd4f02b540750edf428b95.pdf
090,090_供电营业区划分及管理办法.pdf,供电营业区划分及管理办法,6,2156,1.0,381.0,0.0,0.0,0.0,https://www.ndrc.gov.cn/xxgk/zcfb/fzggwl/202404/P020240430562303336631.pdf
091,091_进出口税则税目调整表.pdf,进出口税则税目调整表,8,3190,0.9815,379.0,0.0,0.0,0.0,https://www.gov.cn/zhengce/zhengceku/202512/P020251229817548018648.pdf
092,092_氢能综合应用试点资金支持标准.pdf,氢能综合应用试点资金支持标准,8,2837,0.9909,366.5,0.0,0.0,0.0,https://www.gov.cn/zhengce/zhengceku/202603/P020260325374057165152.pdf
093,093_鼓励进口服务目录.pdf,鼓励进口服务目录,8,2793,1.0,364.0,0.0,0.0,0.0,https://www.gov.cn/zhengce/zhengceku/202602/P020260228396292379061.pdf
094,094_市场监管行业标准管理办法.pdf,市场监管行业标准管理办法,7,2456,0.9992,363,0.0,0.0,0.0,https://www.samr.gov.cn/cms_files/filemanager/1647978232/attach/20235/792dc288f9a3495ab0b9f52bdf0c6245.pdf?fileName=%E9%99%84%E4%BB%B61%EF%BC%9A%E3%80%8A%E5%B8%82%E5%9C%BA%E7%9B%91%E7%AE%A1%E8%A1%8C%E4%B8%9A%E6%A0%87%E5%87%86%E7%AE%A1%E7%90%86%E5%8A%9E%E6%B3%95%E3%80%8B.pdf
095,095_“十五五”期间进口科学研究、科技开发和教学用品免税清单.pdf,“十五五”期间进口科学研究、科技开发和教学用品免税清单,6,1888,0.9995,321.0,0.0,0.0,0.0,https://www.gov.cn/zhengce/zhengceku/202602/P020260214500902767072.pdf
096,096_氢能综合应用试点工作方案编制大纲.pdf,氢能综合应用试点工作方案编制大纲,11,3122,0.9994,316,0.0,0.0,0.0,https://www.gov.cn/zhengce/zhengceku/202603/P020260325374056983467.pdf
097,097_共青团中央关于印发《中国共产主义青年团团内规章制定条例(试行)》的通知.pdf,共青团中央关于印发《中国共产主义青年团团内规章制定条例(试行)》的通知,15,5155,1.0,371,0.0001,0.0008,0.0,https://www.gqt.org.cn/documents/zqf/202201/P020220106331802250297.pdf
098,098_共青团中央关于印发《共青团中央贯彻落实中央八项规定实施细则精神的办法》的通知.pdf,共青团中央关于印发《共青团中央贯彻落实中央八项规定实施细则精神的办法》的通知,8,3311,1.0,503.0,0.0002,0.0008,0.0,https://www.gqt.org.cn/documents/zqf/201804/P020180408564199169360.pdf
099,099_智慧社区治理与服务指南（征求意见稿）.pdf,智慧社区治理与服务指南（征求意见稿）,10,5536,0.958,576.5,0.0003,0.0026,0.0,https://www.ttbz.org.cn/upload/file/20220402/6378451990676507934646266.pdf
100,100_人工智能科技伦理审查与服务办法（试行）.pdf,人工智能科技伦理审查与服务办法（试行）,12,4651,1.0,411.0,0.0011,0.0136,0.0,https://www.gov.cn/zhengce/zhengceku/202604/P020260403770545817293.pdf
