编号,文件名,标题,领域,页数,中文字符数,中文占比,每页中文字符中位数,平均图片面积占比,最大单页图片面积占比,公式符号占比,主题得分,来源页面,下载链接
101,101_数据中心负载均衡方法研究综述.pdf,数据中心负载均衡方法研究综述,云计算与算力,27,27786,0.5581,1194.0,0.0031,0.0272,0.0,68,https://www.jos.org.cn/jos/ch/reader/issue_list.aspx?year_id=2021&quarter_id=2,https://www.jos.org.cn/jos/article/pdf/6151
102,102_动态手势理解与交互综述.pdf,动态手势理解与交互综述,人工智能与算法,17,14752,0.4561,1038.0,0.0005,0.0093,0.0,58,https://www.jos.org.cn/jos/ch/reader/issue_list.aspx?year_id=2021&quarter_id=10,https://www.jos.org.cn/jos/article/pdf/6217
103,103_区块链共识协议综述.pdf,区块链共识协议综述,分布式与存储系统,23,20553,0.5381,1089.0,0.021,0.1204,0.000195,58,https://www.jos.org.cn/jos/ch/reader/issue_list.aspx?year_id=2021&quarter_id=2,https://www.jos.org.cn/jos/article/pdf/6150
104,104_区块链存储可扩展性研究进展.pdf,区块链存储可扩展性研究进展,区块链与前沿技术,20,16518,0.5459,1012.0,0.0212,0.1031,5e-05,55,https://www.jos.org.cn/jos/ch/reader/issue_list.aspx?year_id=2021&quarter_id=1,https://www.jos.org.cn/jos/article/pdf/6111
105,105_医疗大数据隐私保护多关键词范围搜索方案.pdf,医疗大数据隐私保护多关键词范围搜索方案,数据治理与大数据,17,11236,0.5388,580.0,0.0187,0.1153,3.1e-05,72,https://www.jos.org.cn/jos/ch/reader/issue_list.aspx?year_id=2021&quarter_id=10,https://www.jos.org.cn/jos/article/pdf/6086
106,106_自动驾驶智能系统测试研究综述.pdf,自动驾驶智能系统测试研究综述,智能应用与机器人,22,24867,0.5991,1412.0,0.0231,0.2494,0.0,71,https://www.jos.org.cn/jos/ch/reader/issue_list.aspx?year_id=2021&quarter_id=7,https://www.jos.org.cn/jos/article/pdf/6266
107,107_基于RFID的无源感知机制研究综述.pdf,基于RFID的无源感知机制研究综述,物联网与工业互联网,27,24688,0.5031,1143.0,0.0144,0.1278,5.7e-05,69,https://www.jos.org.cn/jos/ch/reader/issue_list.aspx?year_id=2022&quarter_id=1,https://www.jos.org.cn/jos/article/pdf/6344
108,108_域名系统测量研究综述.pdf,域名系统测量研究综述,电子信息与计算硬件,22,16587,0.4321,812.0,0.0014,0.024,1.7e-05,35,https://www.jos.org.cn/jos/ch/reader/issue_list.aspx?year_id=2022&quarter_id=1,https://www.jos.org.cn/jos/article/pdf/6218
109,109_面向网络取证的网络攻击追踪溯源技术分析.pdf,面向网络取证的网络攻击追踪溯源技术分析,网络与通信,24,22163,0.5274,1061.5,0.0022,0.0311,0.0,71,https://www.jos.org.cn/jos/ch/reader/issue_list.aspx?year_id=2021&quarter_id=1,https://www.jos.org.cn/jos/article/pdf/6105
110,110_住房城乡建设部关于印发《城市数字公共基础设施标准体系》的通知.pdf,住房城乡建设部关于印发《城市数字公共基础设施标准体系》的通知,网络安全与隐私,25,20175,0.9844,816.0,0.0,0.0,0.0,146,https://www.gov.cn/zhengce/zhengceku/202411/content_6984542.htm,https://www.gov.cn/zhengce/zhengceku/202411/P020241102386743836964.pdf
111,111_近邻中心迭代策略的单标注视频行人重识别.pdf,近邻中心迭代策略的单标注视频行人重识别,计算机视觉与多媒体,10,6909,0.484,650.5,0.0036,0.0244,0.0,43,https://www.jos.org.cn/jos/ch/reader/issue_list.aspx?year_id=2021&quarter_id=12,https://www.jos.org.cn/jos/article/pdf/6108
112,112_基于Coq的分块矩阵运算的形式化.pdf,基于Coq的分块矩阵运算的形式化,计算理论与程序分析,28,17334,0.572,550.0,0.0929,0.3012,0.00093,68,https://www.jos.org.cn/jos/ch/reader/issue_list.aspx?year_id=2021&quarter_id=6,https://www.jos.org.cn/jos/article/pdf/6255
113,113_DevSecOps_DevOps下实现持续安全的实践探索.pdf,DevSecOps_DevOps下实现持续安全的实践探索,软件与系统,22,21123,0.5678,995.0,0.0531,0.3102,0.0,117,https://www.jos.org.cn/jos/ch/reader/issue_list.aspx?year_id=2021&quarter_id=10,https://www.jos.org.cn/jos/article/pdf/6276
114,114_功能分发网络_基于容器的智能边缘计算平台.pdf,功能分发网络_基于容器的智能边缘计算平台,云计算与算力,15,13990,0.6647,1062.0,0.0461,0.1663,0.001935,116,https://www.jos.org.cn/jos/ch/reader/issue_list.aspx?year_id=2021&quarter_id=12,https://www.jos.org.cn/jos/article/pdf/6113
115,115_基于多任务预训练的AMR文本生成研究.pdf,基于多任务预训练的AMR文本生成研究,人工智能与算法,16,9857,0.3966,670.0,0.0006,0.0091,2.9e-05,12,https://www.jos.org.cn/jos/ch/reader/issue_list.aspx?year_id=2021&quarter_id=10,https://www.jos.org.cn/jos/article/pdf/6207
116,116_一种基于两级缓存的协同缓存机制.pdf,一种基于两级缓存的协同缓存机制,分布式与存储系统,14,12483,0.5873,825.0,0.0419,0.188,0.001319,87,https://www.jos.org.cn/jos/ch/reader/issue_list.aspx?year_id=2021&quarter_id=9,https://www.jos.org.cn/jos/article/pdf/5981
117,117_一种基于区块链的域间访问控制模型.pdf,一种基于区块链的域间访问控制模型,区块链与前沿技术,18,13273,0.5635,651.5,0.0517,0.2187,0.000832,47,https://www.jos.org.cn/jos/ch/reader/issue_list.aspx?year_id=2021&quarter_id=5,https://www.jos.org.cn/jos/article/pdf/6011
118,118_区块链赋能的高效物联网数据激励共享方案.pdf,区块链赋能的高效物联网数据激励共享方案,数据治理与大数据,20,17583,0.5775,861.5,0.0403,0.1696,4.7e-05,73,https://www.jos.org.cn/jos/ch/reader/issue_list.aspx?year_id=2021&quarter_id=4,https://www.jos.org.cn/jos/article/pdf/6229
119,119_曲面的展开与折叠方法综述.pdf,曲面的展开与折叠方法综述,智能应用与机器人,22,19339,0.6035,977.0,0.0324,0.1137,0.001599,38,https://www.jos.org.cn/jos/ch/reader/issue_list.aspx?year_id=2021&quarter_id=2,https://www.jos.org.cn/jos/article/pdf/6155
120,120_基于环境建模的物联网系统TAP规则生成方法.pdf,基于环境建模的物联网系统TAP规则生成方法,物联网与工业互联网,19,15937,0.5767,791.0,0.0387,0.143,0.0,56,https://www.jos.org.cn/jos/ch/reader/issue_list.aspx?year_id=2021&quarter_id=4,https://www.jos.org.cn/jos/article/pdf/6224
121,121_神威太湖之光上分子动力学模拟的性能优化.pdf,神威太湖之光上分子动力学模拟的性能优化,电子信息与计算硬件,18,12140,0.5269,661.5,0.0024,0.0173,0.000525,77,https://www.jos.org.cn/jos/ch/reader/issue_list.aspx?year_id=2021&quarter_id=9,https://www.jos.org.cn/jos/article/pdf/5978
122,122_链下通道路由算法综述.pdf,链下通道路由算法综述,网络与通信,21,21106,0.7146,1114.0,0.0023,0.042,0.000695,57,https://www.jos.org.cn/jos/ch/reader/issue_list.aspx?year_id=2022&quarter_id=1,https://www.jos.org.cn/jos/article/pdf/6219
123,123_抗随机数后门攻击的密码算法.pdf,抗随机数后门攻击的密码算法,网络安全与隐私,14,12215,0.4778,988.0,0.0035,0.0403,0.000531,55,https://www.jos.org.cn/jos/ch/reader/issue_list.aspx?year_id=2021&quarter_id=9,https://www.jos.org.cn/jos/article/pdf/5976
124,124_大型指纹库场景中加密视频识别方法.pdf,大型指纹库场景中加密视频识别方法,计算机视觉与多媒体,23,18176,0.6007,757.0,0.0211,0.1104,0.000365,43,https://www.jos.org.cn/jos/ch/reader/issue_list.aspx?year_id=2021&quarter_id=10,https://www.jos.org.cn/jos/article/pdf/6025
125,125_面向数据流的ROS2数据分发服务形式建模与分析.pdf,面向数据流的ROS2数据分发服务形式建模与分析,计算理论与程序分析,12,9997,0.584,774.5,0.1106,0.2543,9.3e-05,45,https://www.jos.org.cn/jos/ch/reader/issue_list.aspx?year_id=2021&quarter_id=6,https://www.jos.org.cn/jos/article/pdf/6251
126,126_面向对象程序的上下文敏感指针分析研究.pdf,面向对象程序的上下文敏感指针分析研究,软件与系统,24,17503,0.4068,727.5,0.0015,0.03,0.000157,40,https://www.jos.org.cn/jos/ch/reader/issue_list.aspx?year_id=2022&quarter_id=1,https://www.jos.org.cn/jos/article/pdf/6345
127,127_具有万有引力加速机理的布谷鸟搜索算法.pdf,具有万有引力加速机理的布谷鸟搜索算法,人工智能与算法,15,8675,0.4348,485.0,0.0009,0.0068,0.001674,80,https://www.jos.org.cn/jos/ch/reader/issue_list.aspx?year_id=2021&quarter_id=5,https://www.jos.org.cn/jos/article/pdf/6056
128,128_一种智能合约微服务化框架.pdf,一种智能合约微服务化框架,区块链与前沿技术,18,12446,0.5269,669.5,0.0871,0.4662,0.000265,47,https://www.jos.org.cn/jos/ch/reader/issue_list.aspx?year_id=2021&quarter_id=11,https://www.jos.org.cn/jos/article/pdf/6277
129,129_面向大数据流的分布式索引构建.pdf,面向大数据流的分布式索引构建,数据治理与大数据,20,13339,0.5325,634.5,0.0457,0.2585,8.8e-05,110,https://www.jos.org.cn/jos/ch/reader/issue_list.aspx?year_id=2021&quarter_id=11,https://www.jos.org.cn/jos/article/pdf/6097
130,130_一种基于分层适应逻辑的自适应系统实现框架.pdf,一种基于分层适应逻辑的自适应系统实现框架,智能应用与机器人,21,17519,0.6205,881.0,0.0965,0.4073,0.0,55,https://www.jos.org.cn/jos/ch/reader/issue_list.aspx?year_id=2021&quarter_id=7,https://www.jos.org.cn/jos/article/pdf/6259
131,131_多等级通信半径的无源传感器网络中的覆盖问题.pdf,多等级通信半径的无源传感器网络中的覆盖问题,物联网与工业互联网,17,14139,0.5944,766.0,0.0677,0.2695,3e-05,48,https://www.jos.org.cn/jos/ch/reader/issue_list.aspx?year_id=2021&quarter_id=8,https://www.jos.org.cn/jos/article/pdf/6216
132,132_安全关键异构软件混合建模及代码生成方法.pdf,安全关键异构软件混合建模及代码生成方法,软件与系统,30,17619,0.4102,581.5,0.0557,0.273,0.0,112,https://www.jos.org.cn/jos/ch/reader/issue_list.aspx?year_id=2021&quarter_id=4,https://www.jos.org.cn/jos/article/pdf/6223
133,133_网络匿名度量研究综述.pdf,网络匿名度量研究综述,网络与通信,28,22592,0.5149,875.5,0.0129,0.1039,0.000402,47,https://www.jos.org.cn/jos/ch/reader/issue_list.aspx?year_id=2021&quarter_id=1,https://www.jos.org.cn/jos/article/pdf/6103
134,134_高效安全向量计算及其推广.pdf,高效安全向量计算及其推广,网络安全与隐私,19,12979,0.5411,615.0,0.004,0.0672,0.0,26,https://www.jos.org.cn/jos/ch/reader/issue_list.aspx?year_id=2021&quarter_id=11,https://www.jos.org.cn/jos/article/pdf/6093
135,135_跨域和跨模态适应学习的无监督细粒度视频分类.pdf,跨域和跨模态适应学习的无监督细粒度视频分类,计算机视觉与多媒体,14,10280,0.5276,794.0,0.054,0.2598,0.000193,59,https://www.jos.org.cn/jos/ch/reader/issue_list.aspx?year_id=2021&quarter_id=11,https://www.jos.org.cn/jos/article/pdf/6058
136,136_基于多尺度残差FCN的时间序列分类算法.pdf,基于多尺度残差FCN的时间序列分类算法,人工智能与算法,16,10184,0.5092,622.5,0.0597,0.232,0.0,123,https://www.jos.org.cn/jos/ch/reader/issue_list.aspx?year_id=2022&quarter_id=2,https://www.jos.org.cn/jos/article/pdf/6142
137,137_自然语言处理中的文本表示研究.pdf,自然语言处理中的文本表示研究,人工智能与算法,27,28566,0.539,1272.0,0.0011,0.024,0.000274,164,https://www.jos.org.cn/jos/ch/reader/issue_list.aspx?year_id=2022&quarter_id=1,https://www.jos.org.cn/jos/article/pdf/6304
138,138_面向非易失内存的异构索引.pdf,面向非易失内存的异构索引,数据治理与大数据,17,14158,0.6436,834.0,0.0489,0.1207,0.0,56,https://www.jos.org.cn/jos/ch/reader/issue_list.aspx?year_id=2022&quarter_id=3,https://www.jos.org.cn/jos/article/pdf/6456
139,139_基于联盟链的物联网跨域认证.pdf,基于联盟链的物联网跨域认证,物联网与工业互联网,17,11248,0.5964,686.0,0.0714,0.3794,0.0,46,https://www.jos.org.cn/jos/ch/reader/issue_list.aspx?year_id=2021&quarter_id=8,https://www.jos.org.cn/jos/article/pdf/6033
140,140_下一代网络处理器及应用综述.pdf,下一代网络处理器及应用综述,电子信息与计算硬件,30,28579,0.5304,1029.5,0.0155,0.1929,0.000186,195,https://www.jos.org.cn/jos/ch/reader/issue_list.aspx?year_id=2021&quarter_id=2,https://www.jos.org.cn/jos/article/pdf/6124
141,141_基于节点运动的机会网络路由算法.pdf,基于节点运动的机会网络路由算法,网络与通信,17,10317,0.5343,482.0,0.0425,0.2282,0.000495,56,https://www.jos.org.cn/jos/ch/reader/issue_list.aspx?year_id=2021&quarter_id=8,https://www.jos.org.cn/jos/article/pdf/5985
142,142_向量等分量数的保密计算及应用.pdf,向量等分量数的保密计算及应用,网络安全与隐私,15,12300,0.576,821.0,0.0057,0.0623,0.00178,36,https://www.jos.org.cn/jos/ch/reader/issue_list.aspx?year_id=2022&quarter_id=5,https://www.jos.org.cn/jos/article/pdf/6206
143,143_Grenander时间结构学习与推理优化下的行为识别.pdf,Grenander时间结构学习与推理优化下的行为识别,计算机视觉与多媒体,15,10387,0.4546,599.0,0.0704,0.2735,0.000146,43,https://www.jos.org.cn/jos/ch/reader/issue_list.aspx?year_id=2022&quarter_id=5,https://www.jos.org.cn/jos/article/pdf/6202
144,144_基于键值存储的分布式时序相似性搜索方法.pdf,基于键值存储的分布式时序相似性搜索方法,软件与系统,18,13981,0.6114,782.0,0.0033,0.047,0.000904,63,https://www.jos.org.cn/jos/ch/reader/issue_list.aspx?year_id=2022&quarter_id=3,https://www.jos.org.cn/jos/article/pdf/6445
145,145_基于局部梯度和二进制模式的时间序列分类算法.pdf,基于局部梯度和二进制模式的时间序列分类算法,人工智能与算法,16,9941,0.4516,648.0,0.0015,0.018,0.001271,69,https://www.jos.org.cn/jos/ch/reader/issue_list.aspx?year_id=2022&quarter_id=5,https://www.jos.org.cn/jos/article/pdf/6208
146,146_基于大数据的分布式社会治理智能系统.pdf,基于大数据的分布式社会治理智能系统,数据治理与大数据,19,17102,0.6704,970.0,0.0533,0.2353,0.0007,60,https://www.jos.org.cn/jos/ch/reader/issue_list.aspx?year_id=2022&quarter_id=3,https://www.jos.org.cn/jos/article/pdf/6455
147,147_面向异构计算的高性能计算算法与软件.pdf,面向异构计算的高性能计算算法与软件,电子信息与计算硬件,12,8843,0.5051,673.0,0.0489,0.1385,0.0,74,https://www.jos.org.cn/jos/ch/reader/issue_list.aspx?year_id=2021&quarter_id=8,https://www.jos.org.cn/jos/article/pdf/6008
148,148_基于局部邻居节点和链路权值的改进AODV路由协议.pdf,基于局部邻居节点和链路权值的改进AODV路由协议,网络与通信,15,10664,0.6294,745.0,0.0495,0.26,0.000405,44,https://www.jos.org.cn/jos/ch/reader/issue_list.aspx?year_id=2021&quarter_id=4,https://www.jos.org.cn/jos/article/pdf/5970
149,149_车联网中基于位置服务的个性化位置隐私保护.pdf,车联网中基于位置服务的个性化位置隐私保护,网络安全与隐私,18,13309,0.6072,692.0,0.0131,0.096,0.000799,69,https://www.jos.org.cn/jos/ch/reader/issue_list.aspx?year_id=2022&quarter_id=2,https://www.jos.org.cn/jos/article/pdf/6157
150,150_面向手术器械语义分割的半监督时空Transformer网络.pdf,面向手术器械语义分割的半监督时空Transformer网络,计算机视觉与多媒体,15,10936,0.541,663.0,0.0841,0.2783,0.001015,60,https://www.jos.org.cn/jos/ch/reader/issue_list.aspx?year_id=2022&quarter_id=4,https://www.jos.org.cn/jos/article/pdf/6469
151,151_NUMA感知的持久内存存储引擎优化设计.pdf,NUMA感知的持久内存存储引擎优化设计,软件与系统,18,14057,0.5004,826.5,0.0036,0.0367,0.001779,73,https://www.jos.org.cn/jos/ch/reader/issue_list.aspx?year_id=2022&quarter_id=3,https://www.jos.org.cn/jos/article/pdf/6443
152,152_碎片化家谱数据的融合技术.pdf,碎片化家谱数据的融合技术,人工智能与算法,21,19731,0.6502,1019.0,0.0021,0.0328,0.000566,56,https://www.jos.org.cn/jos/ch/reader/issue_list.aspx?year_id=2021&quarter_id=9,https://www.jos.org.cn/jos/article/pdf/6010
153,153_PandaDB_一种异构数据智能融合管理系统.pdf,PandaDB_一种异构数据智能融合管理系统,数据治理与大数据,18,9753,0.4245,515.5,0.0907,0.35,0.000444,67,https://www.jos.org.cn/jos/ch/reader/issue_list.aspx?year_id=2021&quarter_id=3,https://www.jos.org.cn/jos/article/pdf/6180
154,154_国产异构系统上HPL的优化与分析.pdf,国产异构系统上HPL的优化与分析,电子信息与计算硬件,10,6696,0.4982,751.0,0.071,0.285,0.0,76,https://www.jos.org.cn/jos/ch/reader/issue_list.aspx?year_id=2021&quarter_id=8,https://www.jos.org.cn/jos/article/pdf/6004
155,155_基于虚拟力的WSNs能量高效分簇路由协议.pdf,基于虚拟力的WSNs能量高效分簇路由协议,网络与通信,19,13125,0.5854,672.0,0.094,0.31,0.000831,55,https://www.jos.org.cn/jos/ch/reader/issue_list.aspx?year_id=2022&quarter_id=2,https://www.jos.org.cn/jos/article/pdf/6159
156,156_后量子密码算法的侧信道攻击与防御综述.pdf,后量子密码算法的侧信道攻击与防御综述,网络安全与隐私,21,18807,0.5036,897.0,0.0244,0.1543,0.000369,45,https://www.jos.org.cn/jos/ch/reader/issue_list.aspx?year_id=2021&quarter_id=4,https://www.jos.org.cn/jos/article/pdf/6165
157,157_数据库管理系统中数据异常体系化定义与分类.pdf,数据库管理系统中数据异常体系化定义与分类,软件与系统,22,11661,0.381,500.5,0.0056,0.0791,0.000832,70,https://www.jos.org.cn/jos/ch/reader/issue_list.aspx?year_id=2022&quarter_id=3,https://www.jos.org.cn/jos/article/pdf/6442
158,158_安全随机数部分重用及在多接收方签密的应用.pdf,安全随机数部分重用及在多接收方签密的应用,人工智能与算法,18,12812,0.4975,683.5,0.0021,0.0251,0.001103,35,https://www.jos.org.cn/jos/ch/reader/issue_list.aspx?year_id=2021&quarter_id=10,https://www.jos.org.cn/jos/article/pdf/6013
159,159_基于路径分析和信息熵的错误定位方法.pdf,基于路径分析和信息熵的错误定位方法,软件与系统,17,10371,0.4814,564.0,0.0604,0.4057,0.0,82,https://www.jos.org.cn/jos/ch/reader/issue_list.aspx?year_id=2021&quarter_id=7,https://www.jos.org.cn/jos/article/pdf/6262
160,160_分布式数字资产交易平台的问题与评估.pdf,分布式数字资产交易平台的问题与评估,网络安全与隐私,24,22115,0.6835,908.0,0.0287,0.0928,0.0,37,https://www.jos.org.cn/jos/ch/reader/issue_list.aspx?year_id=2022&quarter_id=2,https://www.jos.org.cn/jos/article/pdf/6329
161,161_自承认技术债的研究_问题、进展与挑战.pdf,自承认技术债的研究_问题、进展与挑战,软件与系统,29,25074,0.5343,949.0,0.0065,0.1415,0.000333,97,https://www.jos.org.cn/jos/ch/reader/issue_list.aspx?year_id=2022&quarter_id=1,https://www.jos.org.cn/jos/article/pdf/6292
162,162_面向智能攻击的行为预测研究.pdf,面向智能攻击的行为预测研究,人工智能与算法,22,20004,0.5423,984.5,0.0022,0.0419,0.0,104,https://www.jos.org.cn/jos/ch/reader/issue_list.aspx?year_id=2021&quarter_id=5,https://www.jos.org.cn/jos/article/pdf/6204
163,163_时空轨迹数据驱动的自动驾驶场景元建模方法.pdf,时空轨迹数据驱动的自动驾驶场景元建模方法,软件与系统,15,13727,0.5793,783.0,0.0637,0.2202,0.0,48,https://www.jos.org.cn/jos/ch/reader/issue_list.aspx?year_id=2021&quarter_id=4,https://www.jos.org.cn/jos/article/pdf/6226
164,164_区块链系统中身份管理技术研究综述.pdf,区块链系统中身份管理技术研究综述,网络安全与隐私,27,24213,0.5703,909.0,0.0471,0.1433,7.4e-05,72,https://www.jos.org.cn/jos/ch/reader/issue_list.aspx?year_id=2021&quarter_id=7,https://www.jos.org.cn/jos/article/pdf/6309
165,165_检测JavaScript类的内聚耦合CodeSmell.pdf,检测JavaScript类的内聚耦合CodeSmell,软件与系统,17,11808,0.4599,694.0,0.0069,0.0856,0.000607,99,https://www.jos.org.cn/jos/ch/reader/issue_list.aspx?year_id=2021&quarter_id=8,https://www.jos.org.cn/jos/article/pdf/6082
166,166_机器学习安全攻击与防御机制研究进展和未来挑战.pdf,机器学习安全攻击与防御机制研究进展和未来挑战,人工智能与算法,18,15535,0.5125,1141.5,0.0023,0.0309,0.000391,114,https://www.jos.org.cn/jos/ch/reader/issue_list.aspx?year_id=2021&quarter_id=2,https://www.jos.org.cn/jos/article/pdf/6147
167,167_面向异构计算机平台的HPL方案.pdf,面向异构计算机平台的HPL方案,电子信息与计算硬件,12,8083,0.5561,580.5,0.1166,0.3803,0.0,94,https://www.jos.org.cn/jos/ch/reader/issue_list.aspx?year_id=2021&quarter_id=8,https://www.jos.org.cn/jos/article/pdf/6005
168,168_面向频繁项集挖掘的本地差分隐私事务数据收集方法.pdf,面向频繁项集挖掘的本地差分隐私事务数据收集方法,网络安全与隐私,24,12153,0.493,439.0,0.0974,0.5419,0.000705,56,https://www.jos.org.cn/jos/ch/reader/issue_list.aspx?year_id=2021&quarter_id=11,https://www.jos.org.cn/jos/article/pdf/6044
169,169_求解二维装箱问题的强化学习启发式算法.pdf,求解二维装箱问题的强化学习启发式算法,人工智能与算法,17,8821,0.4772,429.0,0.0661,0.3931,0.0,108,https://www.jos.org.cn/jos/ch/reader/issue_list.aspx?year_id=2021&quarter_id=12,https://www.jos.org.cn/jos/article/pdf/6161
170,170_基于网络轨迹的协议逆向技术研究进展.pdf,基于网络轨迹的协议逆向技术研究进展,人工智能与算法,20,18151,0.5562,996.0,0.0038,0.036,4.5e-05,49,https://www.jos.org.cn/jos/ch/reader/issue_list.aspx?year_id=2022&quarter_id=1,https://www.jos.org.cn/jos/article/pdf/6303
171,171_面向关键字流图的相似程序间测试用例的重用.pdf,面向关键字流图的相似程序间测试用例的重用,软件与系统,22,17591,0.6259,786.0,0.0089,0.1704,0.000414,90,https://www.jos.org.cn/jos/ch/reader/issue_list.aspx?year_id=2021&quarter_id=9,https://www.jos.org.cn/jos/article/pdf/5984
172,172_基于局部搜索的并行扩展规则推理方法.pdf,基于局部搜索的并行扩展规则推理方法,人工智能与算法,11,8229,0.514,579.0,0.0045,0.0407,0.001516,40,https://www.jos.org.cn/jos/ch/reader/issue_list.aspx?year_id=2021&quarter_id=9,https://www.jos.org.cn/jos/article/pdf/5974
173,173_基于神经网络的自动源代码摘要技术综述.pdf,基于神经网络的自动源代码摘要技术综述,软件与系统,23,25301,0.5553,1405.0,0.0099,0.1007,8.2e-05,115,https://www.jos.org.cn/jos/ch/reader/issue_list.aspx?year_id=2022&quarter_id=1,https://www.jos.org.cn/jos/article/pdf/6337
174,174_无重叠条件严格模式匹配的高效求解算法.pdf,无重叠条件严格模式匹配的高效求解算法,人工智能与算法,20,13112,0.4974,736.5,0.0046,0.0432,0.000913,59,https://www.jos.org.cn/jos/ch/reader/issue_list.aspx?year_id=2021&quarter_id=11,https://www.jos.org.cn/jos/article/pdf/6054
175,175_软件缺陷自动修复技术综述.pdf,软件缺陷自动修复技术综述,软件与系统,26,26762,0.509,1450.5,0.0102,0.2333,0.0,108,https://www.jos.org.cn/jos/ch/reader/issue_list.aspx?year_id=2021&quarter_id=9,https://www.jos.org.cn/jos/article/pdf/6274
176,176_基于深度学习的图像隐写分析综述.pdf,基于深度学习的图像隐写分析综述,人工智能与算法,28,22312,0.4944,843.0,0.0056,0.0469,0.000276,99,https://www.jos.org.cn/jos/ch/reader/issue_list.aspx?year_id=2021&quarter_id=2,https://www.jos.org.cn/jos/article/pdf/6135
177,177_自适应推导下的统一化调试加速技术.pdf,自适应推导下的统一化调试加速技术,软件与系统,20,15141,0.4859,815.0,0.0103,0.0654,6.2e-05,88,https://www.jos.org.cn/jos/ch/reader/issue_list.aspx?year_id=2022&quarter_id=2,https://www.jos.org.cn/jos/article/pdf/6347
178,178_面向Flink迭代作业的动态资源分配策略.pdf,面向Flink迭代作业的动态资源分配策略,人工智能与算法,20,14848,0.5168,714.5,0.0057,0.0356,0.000959,40,https://www.jos.org.cn/jos/ch/reader/issue_list.aspx?year_id=2022&quarter_id=3,https://www.jos.org.cn/jos/article/pdf/6447
179,179_代码注释自动生成方法综述.pdf,代码注释自动生成方法综述,软件与系统,24,23159,0.5129,1186.5,0.0109,0.1393,0.0,110,https://www.jos.org.cn/jos/ch/reader/issue_list.aspx?year_id=2021&quarter_id=7,https://www.jos.org.cn/jos/article/pdf/6258
180,180_智能软件定义网络.pdf,智能软件定义网络,人工智能与算法,19,19776,0.5279,1347.0,0.0062,0.0817,0.0,123,https://www.jos.org.cn/jos/ch/reader/issue_list.aspx?year_id=2021&quarter_id=1,https://www.jos.org.cn/jos/article/pdf/6120
181,181_GPU数据库核心技术综述.pdf,GPU数据库核心技术综述,软件与系统,27,25631,0.5219,1260.0,0.0113,0.1456,0.0,109,https://www.jos.org.cn/jos/ch/reader/issue_list.aspx?year_id=2021&quarter_id=3,https://www.jos.org.cn/jos/article/pdf/6175
182,182_基于多策略的改进花授粉算法.pdf,基于多策略的改进花授粉算法,人工智能与算法,25,16420,0.5181,604.0,0.0064,0.1172,5.5e-05,56,https://www.jos.org.cn/jos/ch/reader/issue_list.aspx?year_id=2021&quarter_id=10,https://www.jos.org.cn/jos/article/pdf/6030
183,183_面向SPARC处理器架构的操作系统异常管理验证.pdf,面向SPARC处理器架构的操作系统异常管理验证,软件与系统,16,12583,0.5607,826.5,0.0116,0.1391,0.000226,99,https://www.jos.org.cn/jos/ch/reader/issue_list.aspx?year_id=2021&quarter_id=6,https://www.jos.org.cn/jos/article/pdf/6241
184,184_基于着色Petri网的HDFS数据一致性建模与分析.pdf,基于着色Petri网的HDFS数据一致性建模与分析,软件与系统,21,15281,0.5876,667.0,0.0821,0.2958,0.0,48,https://www.jos.org.cn/jos/ch/reader/issue_list.aspx?year_id=2021&quarter_id=10,https://www.jos.org.cn/jos/article/pdf/6026
185,185_基于硬件虚拟化的内核同层多域隔离模型.pdf,基于硬件虚拟化的内核同层多域隔离模型,软件与系统,25,19439,0.4953,792.0,0.0122,0.2723,1.9e-05,75,https://www.jos.org.cn/jos/ch/reader/issue_list.aspx?year_id=2022&quarter_id=2,https://www.jos.org.cn/jos/article/pdf/6211
186,186_基于链接预测的水下WSN消息转发算法.pdf,基于链接预测的水下WSN消息转发算法,人工智能与算法,19,13465,0.5864,664.0,0.0083,0.0622,0.0,45,https://www.jos.org.cn/jos/ch/reader/issue_list.aspx?year_id=2022&quarter_id=2,https://www.jos.org.cn/jos/article/pdf/6152
187,187_基于NVM和HTM的低时延事务处理.pdf,基于NVM和HTM的低时延事务处理,软件与系统,18,15208,0.5559,932.5,0.0126,0.0514,0.000262,79,https://www.jos.org.cn/jos/ch/reader/issue_list.aspx?year_id=2022&quarter_id=3,https://www.jos.org.cn/jos/article/pdf/6444
188,188_考虑标记间协作的标记分布学习.pdf,考虑标记间协作的标记分布学习,人工智能与算法,16,9356,0.5206,495.5,0.0087,0.0488,8.3e-05,42,https://www.jos.org.cn/jos/ch/reader/issue_list.aspx?year_id=2022&quarter_id=2,https://www.jos.org.cn/jos/article/pdf/6139
189,189_基于预训练模型和多层次信息的代码坏味检测方法.pdf,基于预训练模型和多层次信息的代码坏味检测方法,软件与系统,18,12583,0.5025,649.0,0.0139,0.0872,2.5e-05,126,https://www.jos.org.cn/jos/ch/reader/issue_list.aspx?year_id=2022&quarter_id=5,https://www.jos.org.cn/jos/article/pdf/6548
190,190_网络断层扫描_理论与算法.pdf,网络断层扫描_理论与算法,人工智能与算法,21,22020,0.6217,1302.0,0.0093,0.0476,0.000594,43,https://www.jos.org.cn/jos/ch/reader/issue_list.aspx?year_id=2021&quarter_id=2,https://www.jos.org.cn/jos/article/pdf/6134
191,191_以太坊中间语言的可执行语义.pdf,以太坊中间语言的可执行语义,软件与系统,16,12616,0.4432,811.5,0.014,0.1673,0.000278,51,https://www.jos.org.cn/jos/ch/reader/issue_list.aspx?year_id=2021&quarter_id=6,https://www.jos.org.cn/jos/article/pdf/6246
192,192_神经结构搜索的研究进展综述.pdf,神经结构搜索的研究进展综述,人工智能与算法,21,18672,0.5038,974.0,0.01,0.1042,0.000292,121,https://www.jos.org.cn/jos/ch/reader/issue_list.aspx?year_id=2022&quarter_id=1,https://www.jos.org.cn/jos/article/pdf/6306
193,193_构建新型高性能与高可用的键值数据库系统.pdf,构建新型高性能与高可用的键值数据库系统,软件与系统,16,11829,0.5351,763.0,0.015,0.0762,0.000206,75,https://www.jos.org.cn/jos/ch/reader/issue_list.aspx?year_id=2021&quarter_id=10,https://www.jos.org.cn/jos/article/pdf/6023
194,194_图嵌入算法的分布式优化与实现.pdf,图嵌入算法的分布式优化与实现,人工智能与算法,14,8957,0.6161,595.5,0.0944,0.3728,0.0,53,https://www.jos.org.cn/jos/ch/reader/issue_list.aspx?year_id=2021&quarter_id=3,https://www.jos.org.cn/jos/article/pdf/6186
195,195_网络行为仿真综述.pdf,网络行为仿真综述,软件与系统,23,24636,0.5846,1423.0,0.0152,0.1686,0.0,87,https://www.jos.org.cn/jos/ch/reader/issue_list.aspx?year_id=2022&quarter_id=1,https://www.jos.org.cn/jos/article/pdf/6338
196,196_新型分布式计算系统中的异构任务调度框架.pdf,新型分布式计算系统中的异构任务调度框架,人工智能与算法,13,8619,0.5001,678.0,0.011,0.0882,0.000609,50,https://www.jos.org.cn/jos/ch/reader/issue_list.aspx?year_id=2022&quarter_id=3,https://www.jos.org.cn/jos/article/pdf/6451
197,197_基于污染变量关系图的Android应用污点分析工具.pdf,基于污染变量关系图的Android应用污点分析工具,软件与系统,16,14412,0.5581,983.5,0.0153,0.1262,0.000203,61,https://www.jos.org.cn/jos/ch/reader/issue_list.aspx?year_id=2021&quarter_id=6,https://www.jos.org.cn/jos/article/pdf/6245
198,198_基于合作网的汉语句子隐喻理解.pdf,基于合作网的汉语句子隐喻理解,人工智能与算法,14,12615,0.6725,933.0,0.0111,0.124,0.000234,14,https://www.jos.org.cn/jos/ch/reader/issue_list.aspx?year_id=2022&quarter_id=2,https://www.jos.org.cn/jos/article/pdf/6144
199,199_SOTIMiner_一种基于集合运算的时序不变式挖掘方法.pdf,SOTIMiner_一种基于集合运算的时序不变式挖掘方法,软件与系统,18,17222,0.6504,1065.0,0.0155,0.162,2.8e-05,47,https://www.jos.org.cn/jos/ch/reader/issue_list.aspx?year_id=2022&quarter_id=2,https://www.jos.org.cn/jos/article/pdf/6160
200,200_面向AI的数据管理技术综述.pdf,面向AI的数据管理技术综述,人工智能与算法,20,22025,0.6374,1325.5,0.0118,0.1151,0.0,133,https://www.jos.org.cn/jos/ch/reader/issue_list.aspx?year_id=2021&quarter_id=1,https://www.jos.org.cn/jos/article/pdf/6121
201,201_多查询共享技术研究综述.pdf,多查询共享技术研究综述,软件与系统,28,27592,0.5744,1218.0,0.0163,0.083,0.000749,65,https://www.jos.org.cn/jos/ch/reader/issue_list.aspx?year_id=2021&quarter_id=10,https://www.jos.org.cn/jos/article/pdf/6203
202,202_预测不确定性与对抗鲁棒性的关系研究.pdf,预测不确定性与对抗鲁棒性的关系研究,人工智能与算法,15,13278,0.6177,1105.0,0.0121,0.1499,0.000127,28,https://www.jos.org.cn/jos/ch/reader/issue_list.aspx?year_id=2022&quarter_id=2,https://www.jos.org.cn/jos/article/pdf/6163
203,203_PASER_加性多维KPI异常根因定位模型.pdf,PASER_加性多维KPI异常根因定位模型,人工智能与算法,13,8906,0.5981,610.0,0.0609,0.1756,4.6e-05,54,https://www.jos.org.cn/jos/ch/reader/issue_list.aspx?year_id=2022&quarter_id=2,https://www.jos.org.cn/jos/article/pdf/6212
204,204_LFKT_学习与遗忘融合的深度知识追踪模型.pdf,LFKT_学习与遗忘融合的深度知识追踪模型,人工智能与算法,13,9789,0.5421,652.0,0.0648,0.2632,0.000203,24,https://www.jos.org.cn/jos/ch/reader/issue_list.aspx?year_id=2021&quarter_id=3,https://www.jos.org.cn/jos/article/pdf/6185
205,205_结合关键点概率与路径相似度的多路径覆盖策略.pdf,结合关键点概率与路径相似度的多路径覆盖策略,软件与系统,21,15731,0.6397,734.0,0.0171,0.2194,0.00072,58,https://www.jos.org.cn/jos/ch/reader/issue_list.aspx?year_id=2022&quarter_id=2,https://www.jos.org.cn/jos/article/pdf/6149
206,206_基于反例确认的CPS不确定性模型校准.pdf,基于反例确认的CPS不确定性模型校准,人工智能与算法,15,16552,0.6669,1255.0,0.0146,0.1054,0.000422,35,https://www.jos.org.cn/jos/ch/reader/issue_list.aspx?year_id=2021&quarter_id=4,https://www.jos.org.cn/jos/article/pdf/6222
207,207_基于回调函数的控制流深度模糊模型.pdf,基于回调函数的控制流深度模糊模型,软件与系统,16,11578,0.6001,690.0,0.0174,0.2391,0.000764,67,https://www.jos.org.cn/jos/ch/reader/issue_list.aspx?year_id=2022&quarter_id=5,https://www.jos.org.cn/jos/article/pdf/6197
208,208_大规模图神经网络系统综述.pdf,大规模图神经网络系统综述,人工智能与算法,21,19789,0.5834,962.0,0.0166,0.1199,0.0,113,https://www.jos.org.cn/jos/ch/reader/issue_list.aspx?year_id=2022&quarter_id=1,https://www.jos.org.cn/jos/article/pdf/6311
209,209_基于信息检索的软件缺陷定位方法综述.pdf,基于信息检索的软件缺陷定位方法综述,软件与系统,30,26684,0.519,1062.5,0.0176,0.3373,0.001055,113,https://www.jos.org.cn/jos/ch/reader/issue_list.aspx?year_id=2021&quarter_id=2,https://www.jos.org.cn/jos/article/pdf/6130
210,210_异质信息网络分析与应用综述.pdf,异质信息网络分析与应用综述,人工智能与算法,24,19702,0.435,901.5,0.0169,0.1068,0.0,101,https://www.jos.org.cn/jos/ch/reader/issue_list.aspx?year_id=2022&quarter_id=2,https://www.jos.org.cn/jos/article/pdf/6357
211,211_基于日志挖掘的微服务测试集缩减技术.pdf,基于日志挖掘的微服务测试集缩减技术,软件与系统,15,12399,0.6245,884.0,0.0191,0.2396,0.000857,65,https://www.jos.org.cn/jos/ch/reader/issue_list.aspx?year_id=2021&quarter_id=9,https://www.jos.org.cn/jos/article/pdf/6075
212,212_支撑机器学习的数据管理技术综述.pdf,支撑机器学习的数据管理技术综述,人工智能与算法,18,20407,0.6585,1425.0,0.0175,0.1515,0.0,142,https://www.jos.org.cn/jos/ch/reader/issue_list.aspx?year_id=2021&quarter_id=3,https://www.jos.org.cn/jos/article/pdf/6182
213,213_C2P_基于Pi演算的协议C代码形式化抽象方法和工具.pdf,C2P_基于Pi演算的协议C代码形式化抽象方法和工具,软件与系统,16,11813,0.5931,699.5,0.0191,0.1172,0.000904,62,https://www.jos.org.cn/jos/ch/reader/issue_list.aspx?year_id=2021&quarter_id=6,https://www.jos.org.cn/jos/article/pdf/6238
214,214_图分类研究综述.pdf,图分类研究综述,人工智能与算法,22,19818,0.5468,1093.5,0.0176,0.0948,0.001041,69,https://www.jos.org.cn/jos/ch/reader/issue_list.aspx?year_id=2022&quarter_id=1,https://www.jos.org.cn/jos/article/pdf/6323
215,215_针对黑盒智能语音软件的对抗样本生成方法.pdf,针对黑盒智能语音软件的对抗样本生成方法,软件与系统,18,16932,0.6285,963.5,0.0199,0.1788,0.00016,62,https://www.jos.org.cn/jos/ch/reader/issue_list.aspx?year_id=2022&quarter_id=5,https://www.jos.org.cn/jos/article/pdf/6549
216,216_多模态视觉语言表征学习研究综述.pdf,多模态视觉语言表征学习研究综述,人工智能与算法,22,18665,0.5249,915.0,0.0177,0.1377,0.001282,75,https://www.jos.org.cn/jos/ch/reader/issue_list.aspx?year_id=2021&quarter_id=2,https://www.jos.org.cn/jos/article/pdf/6125
217,217_面向数据特征的人机物融合服务分派方法.pdf,面向数据特征的人机物融合服务分派方法,软件与系统,19,16572,0.601,842.0,0.0212,0.1662,0.00068,45,https://www.jos.org.cn/jos/ch/reader/issue_list.aspx?year_id=2021&quarter_id=11,https://www.jos.org.cn/jos/article/pdf/6090
218,218_深度学习模型压缩与加速综述.pdf,深度学习模型压缩与加速综述,人工智能与算法,25,15592,0.3581,688.0,0.0184,0.1468,0.0,85,https://www.jos.org.cn/jos/ch/reader/issue_list.aspx?year_id=2021&quarter_id=1,https://www.jos.org.cn/jos/article/pdf/6096
219,219_CMuJava_一个面向Java程序并发变异体生成系统.pdf,CMuJava_一个面向Java程序并发变异体生成系统,软件与系统,13,8831,0.4535,682.0,0.0219,0.1845,0.0,47,https://www.jos.org.cn/jos/ch/reader/issue_list.aspx?year_id=2022&quarter_id=2,https://www.jos.org.cn/jos/article/pdf/6137
220,220_面向知识产权的科技资源画像构建方法.pdf,面向知识产权的科技资源画像构建方法,人工智能与算法,12,8929,0.5587,653.5,0.0185,0.1152,9e-05,61,https://www.jos.org.cn/jos/ch/reader/issue_list.aspx?year_id=2022&quarter_id=4,https://www.jos.org.cn/jos/article/pdf/6483
221,221_领域驱动设计模式的收益与挑战_系统综述.pdf,领域驱动设计模式的收益与挑战_系统综述,软件与系统,23,19441,0.5431,942.0,0.0229,0.1681,0.0,83,https://www.jos.org.cn/jos/ch/reader/issue_list.aspx?year_id=2021&quarter_id=9,https://www.jos.org.cn/jos/article/pdf/6275
222,222_融合随机森林和梯度提升树的入侵检测研究.pdf,融合随机森林和梯度提升树的入侵检测研究,人工智能与算法,12,7584,0.4773,546.0,0.0195,0.0892,0.0,67,https://www.jos.org.cn/jos/ch/reader/issue_list.aspx?year_id=2021&quarter_id=10,https://www.jos.org.cn/jos/article/pdf/6062
223,223_RGraph_基于RDMA的高效分布式图数据处理系统.pdf,RGraph_基于RDMA的高效分布式图数据处理系统,软件与系统,25,20223,0.5657,831.0,0.0232,0.1708,0.000796,45,https://www.jos.org.cn/jos/ch/reader/issue_list.aspx?year_id=2022&quarter_id=3,https://www.jos.org.cn/jos/article/pdf/6449
224,224_面向图的异常检测研究综述.pdf,面向图的异常检测研究综述,人工智能与算法,27,25695,0.6109,1104.0,0.0196,0.1177,5.5e-05,81,https://www.jos.org.cn/jos/ch/reader/issue_list.aspx?year_id=2021&quarter_id=1,https://www.jos.org.cn/jos/article/pdf/6100
225,225_篇章视角的汉语零指代语料库构建.pdf,篇章视角的汉语零指代语料库构建,软件与系统,20,17859,0.6113,850.5,0.0232,0.2524,0.00013,25,https://www.jos.org.cn/jos/ch/reader/issue_list.aspx?year_id=2021&quarter_id=12,https://www.jos.org.cn/jos/article/pdf/6119
226,226_可信机器学习的公平性综述.pdf,可信机器学习的公平性综述,人工智能与算法,24,19615,0.5664,848.5,0.0199,0.1239,0.0,122,https://www.jos.org.cn/jos/ch/reader/issue_list.aspx?year_id=2021&quarter_id=5,https://www.jos.org.cn/jos/article/pdf/6214
227,227_SGX应用支持技术研究进展.pdf,SGX应用支持技术研究进展,软件与系统,30,26046,0.5148,998.5,0.0234,0.1196,0.0,112,https://www.jos.org.cn/jos/ch/reader/issue_list.aspx?year_id=2021&quarter_id=1,https://www.jos.org.cn/jos/article/pdf/6095
228,228_考虑多粒度类相关性的对比式开放集识别方法.pdf,考虑多粒度类相关性的对比式开放集识别方法,人工智能与算法,14,11303,0.5171,739.0,0.0208,0.1096,0.001796,32,https://www.jos.org.cn/jos/ch/reader/issue_list.aspx?year_id=2022&quarter_id=4,https://www.jos.org.cn/jos/article/pdf/6468
229,229_基于Seq2Seq模型的SparQL查询预测.pdf,基于Seq2Seq模型的SparQL查询预测,软件与系统,13,10418,0.6388,776.0,0.0836,0.2435,0.000232,58,https://www.jos.org.cn/jos/ch/reader/issue_list.aspx?year_id=2021&quarter_id=3,https://www.jos.org.cn/jos/article/pdf/6171
230,230_类脑超大规模深度神经网络系统.pdf,类脑超大规模深度神经网络系统,人工智能与算法,18,15097,0.609,881.5,0.0677,0.283,0.000239,108,https://www.jos.org.cn/jos/ch/reader/issue_list.aspx?year_id=2022&quarter_id=4,https://www.jos.org.cn/jos/article/pdf/6470
231,231_操作系统内核并发错误检测研究进展.pdf,操作系统内核并发错误检测研究进展,软件与系统,23,22098,0.5594,1089.0,0.0254,0.1427,0.0,143,https://www.jos.org.cn/jos/ch/reader/issue_list.aspx?year_id=2021&quarter_id=7,https://www.jos.org.cn/jos/article/pdf/6265
232,232_案件要素句子关联图卷积的案件舆情摘要方法.pdf,案件要素句子关联图卷积的案件舆情摘要方法,人工智能与算法,10,8150,0.5484,825.0,0.0215,0.167,0.001224,21,https://www.jos.org.cn/jos/ch/reader/issue_list.aspx?year_id=2021&quarter_id=12,https://www.jos.org.cn/jos/article/pdf/6110
233,233_基于分支标记的数据流模型的代码生成方法.pdf,基于分支标记的数据流模型的代码生成方法,软件与系统,16,11416,0.4882,640.0,0.0254,0.2563,0.0,75,https://www.jos.org.cn/jos/ch/reader/issue_list.aspx?year_id=2021&quarter_id=6,https://www.jos.org.cn/jos/article/pdf/6242
234,234_基于Motif聚集系数与时序划分的高阶链接预测方法.pdf,基于Motif聚集系数与时序划分的高阶链接预测方法,人工智能与算法,14,11084,0.5877,698.0,0.0231,0.22,0.0013,65,https://www.jos.org.cn/jos/ch/reader/issue_list.aspx?year_id=2021&quarter_id=3,https://www.jos.org.cn/jos/article/pdf/6172
235,235_基于偶然正确性概率的回归测试选择方法.pdf,基于偶然正确性概率的回归测试选择方法,软件与系统,15,14485,0.6933,1000.0,0.0256,0.2153,0.000222,67,https://www.jos.org.cn/jos/ch/reader/issue_list.aspx?year_id=2021&quarter_id=7,https://www.jos.org.cn/jos/article/pdf/6264
236,236_一种基于图模型的网络攻击溯源方法.pdf,一种基于图模型的网络攻击溯源方法,人工智能与算法,16,9203,0.4401,517.5,0.0236,0.1241,0.000137,39,https://www.jos.org.cn/jos/ch/reader/issue_list.aspx?year_id=2022&quarter_id=2,https://www.jos.org.cn/jos/article/pdf/6314
237,237_航天嵌入式软件整数溢出的形式化验证方法.pdf,航天嵌入式软件整数溢出的形式化验证方法,软件与系统,16,11764,0.5477,761.5,0.0274,0.0905,6.7e-05,64,https://www.jos.org.cn/jos/ch/reader/issue_list.aspx?year_id=2021&quarter_id=10,https://www.jos.org.cn/jos/article/pdf/6024
238,238_学习索引_现状与研究展望.pdf,学习索引_现状与研究展望,人工智能与算法,23,18956,0.4742,998.0,0.0238,0.3313,0.0,88,https://www.jos.org.cn/jos/ch/reader/issue_list.aspx?year_id=2021&quarter_id=4,https://www.jos.org.cn/jos/article/pdf/6168
239,239_面向神经机器翻译系统的多粒度蜕变测试.pdf,面向神经机器翻译系统的多粒度蜕变测试,软件与系统,16,14258,0.6068,828.5,0.028,0.1949,3e-05,36,https://www.jos.org.cn/jos/ch/reader/issue_list.aspx?year_id=2021&quarter_id=4,https://www.jos.org.cn/jos/article/pdf/6221
240,240_深度伪造与检测技术综述.pdf,深度伪造与检测技术综述,人工智能与算法,23,16790,0.4018,727.0,0.0239,0.1339,0.0,74,https://www.jos.org.cn/jos/ch/reader/issue_list.aspx?year_id=2021&quarter_id=2,https://www.jos.org.cn/jos/article/pdf/6140
241,241_基于树型门控循环单元的基数和代价估计器.pdf,基于树型门控循环单元的基数和代价估计器,软件与系统,17,12798,0.5434,781.0,0.0287,0.1467,0.00058,63,https://www.jos.org.cn/jos/ch/reader/issue_list.aspx?year_id=2022&quarter_id=3,https://www.jos.org.cn/jos/article/pdf/6448
242,242_融合信息增益比和遗传算法的混合式特征选择算法.pdf,融合信息增益比和遗传算法的混合式特征选择算法,人工智能与算法,13,9558,0.4977,728.0,0.0239,0.1892,0.001056,51,https://www.jos.org.cn/jos/ch/reader/issue_list.aspx?year_id=2022&quarter_id=3,https://www.jos.org.cn/jos/article/pdf/6099
243,243_高精度的大规模程序数据竞争检测方法.pdf,高精度的大规模程序数据竞争检测方法,软件与系统,17,13487,0.5025,784.0,0.0288,0.1819,0.0,64,https://www.jos.org.cn/jos/ch/reader/issue_list.aspx?year_id=2021&quarter_id=7,https://www.jos.org.cn/jos/article/pdf/6260
244,244_小样本学习研究综述.pdf,小样本学习研究综述,人工智能与算法,21,19356,0.515,964.0,0.0247,0.1619,0.000877,88,https://www.jos.org.cn/jos/ch/reader/issue_list.aspx?year_id=2021&quarter_id=2,https://www.jos.org.cn/jos/article/pdf/6138
245,245_基于细粒度数据的智能手机续航时间预测模型.pdf,基于细粒度数据的智能手机续航时间预测模型,软件与系统,17,15244,0.609,844.0,0.0291,0.2173,0.000199,27,https://www.jos.org.cn/jos/ch/reader/issue_list.aspx?year_id=2021&quarter_id=10,https://www.jos.org.cn/jos/article/pdf/6199
246,246_双加权多视角子空间聚类算法.pdf,双加权多视角子空间聚类算法,人工智能与算法,13,7457,0.523,557.0,0.0249,0.1386,0.00038,50,https://www.jos.org.cn/jos/ch/reader/issue_list.aspx?year_id=2022&quarter_id=2,https://www.jos.org.cn/jos/article/pdf/6148
247,247_异构HPL算法中CPU端高性能BLAS库优化.pdf,异构HPL算法中CPU端高性能BLAS库优化,人工智能与算法,18,11222,0.4849,526.5,0.084,0.2898,0.000254,55,https://www.jos.org.cn/jos/ch/reader/issue_list.aspx?year_id=2021&quarter_id=8,https://www.jos.org.cn/jos/article/pdf/6002
248,248_优化简单表缩减算法求解因子分解编码实例.pdf,优化简单表缩减算法求解因子分解编码实例,人工智能与算法,11,6429,0.3954,587.0,0.0268,0.1747,0.000948,44,https://www.jos.org.cn/jos/ch/reader/issue_list.aspx?year_id=2021&quarter_id=11,https://www.jos.org.cn/jos/article/pdf/6094
249,249_基于软件度量的Solidity智能合约缺陷预测方法.pdf,基于软件度量的Solidity智能合约缺陷预测方法,软件与系统,25,18633,0.4674,682.0,0.0302,0.3458,7.3e-05,117,https://www.jos.org.cn/jos/ch/reader/issue_list.aspx?year_id=2022&quarter_id=5,https://www.jos.org.cn/jos/article/pdf/6550
250,250_复杂网络的双曲空间表征学习方法.pdf,复杂网络的双曲空间表征学习方法,人工智能与算法,25,17193,0.5246,625.0,0.0276,0.2114,0.00017,53,https://www.jos.org.cn/jos/ch/reader/issue_list.aspx?year_id=2021&quarter_id=1,https://www.jos.org.cn/jos/article/pdf/6092
251,251_开源许可证的选择_挑战和影响因素.pdf,开源许可证的选择_挑战和影响因素,软件与系统,25,23372,0.5812,1052.0,0.031,0.2961,1.8e-05,134,https://www.jos.org.cn/jos/ch/reader/issue_list.aspx?year_id=2022&quarter_id=1,https://www.jos.org.cn/jos/article/pdf/6279
252,252_轨迹表示学习技术研究进展.pdf,轨迹表示学习技术研究进展,人工智能与算法,20,19712,0.5492,1153.0,0.0302,0.2186,0.000337,53,https://www.jos.org.cn/jos/ch/reader/issue_list.aspx?year_id=2021&quarter_id=5,https://www.jos.org.cn/jos/article/pdf/6210
253,253_一种结构信息增强的代码修改自动转换方法.pdf,一种结构信息增强的代码修改自动转换方法,软件与系统,17,14091,0.5883,828.0,0.0311,0.3137,0.00048,74,https://www.jos.org.cn/jos/ch/reader/issue_list.aspx?year_id=2021&quarter_id=4,https://www.jos.org.cn/jos/article/pdf/6227
254,254_不确定环境下hCPS系统的形式化建模与动态验证.pdf,不确定环境下hCPS系统的形式化建模与动态验证,人工智能与算法,17,12752,0.5165,736.0,0.0812,0.3593,0.000361,50,https://www.jos.org.cn/jos/ch/reader/issue_list.aspx?year_id=2021&quarter_id=7,https://www.jos.org.cn/jos/article/pdf/6272
255,255_深度学习在分组密码差分区分器上的研究应用.pdf,深度学习在分组密码差分区分器上的研究应用,人工智能与算法,14,11622,0.6327,813.0,0.0551,0.2495,0.000538,119,https://www.jos.org.cn/jos/ch/reader/issue_list.aspx?year_id=2022&quarter_id=5,https://www.jos.org.cn/jos/article/pdf/6195
256,256_一种结合显式特征和隐式特征的开发者混合推荐算法.pdf,一种结合显式特征和隐式特征的开发者混合推荐算法,人工智能与算法,17,11642,0.4785,754.0,0.0309,0.2129,0.001132,63,https://www.jos.org.cn/jos/ch/reader/issue_list.aspx?year_id=2022&quarter_id=5,https://www.jos.org.cn/jos/article/pdf/6553
257,257_融合多种特征的恶意URL检测方法.pdf,融合多种特征的恶意URL检测方法,软件与系统,19,16149,0.606,831.0,0.0345,0.2411,0.0,76,https://www.jos.org.cn/jos/ch/reader/issue_list.aspx?year_id=2021&quarter_id=9,https://www.jos.org.cn/jos/article/pdf/5983
258,258_基于多通道特征和自注意力的情感分类方法.pdf,基于多通道特征和自注意力的情感分类方法,人工智能与算法,18,11606,0.4325,597.5,0.0322,0.21,0.001529,33,https://www.jos.org.cn/jos/ch/reader/issue_list.aspx?year_id=2021&quarter_id=9,https://www.jos.org.cn/jos/article/pdf/5992
259,259_基于深度学习的混合模糊测试方法.pdf,基于深度学习的混合模糊测试方法,软件与系统,18,12831,0.4564,705.0,0.0365,0.2023,5.3e-05,97,https://www.jos.org.cn/jos/ch/reader/issue_list.aspx?year_id=2021&quarter_id=4,https://www.jos.org.cn/jos/article/pdf/6225
260,260_基于卷积神经网络的低嵌入率空域隐写分析.pdf,基于卷积神经网络的低嵌入率空域隐写分析,人工智能与算法,15,11081,0.5331,733.0,0.0348,0.2104,0.000307,93,https://www.jos.org.cn/jos/ch/reader/issue_list.aspx?year_id=2021&quarter_id=9,https://www.jos.org.cn/jos/article/pdf/5980
261,261_面向代码相似性检测的相似哈希改进方法.pdf,面向代码相似性检测的相似哈希改进方法,软件与系统,18,17748,0.6826,1102.0,0.0392,0.2891,0.000147,128,https://www.jos.org.cn/jos/ch/reader/issue_list.aspx?year_id=2021&quarter_id=7,https://www.jos.org.cn/jos/article/pdf/6271
262,262_一种采用新型聚类方法的最佳类簇数确定算法.pdf,一种采用新型聚类方法的最佳类簇数确定算法,人工智能与算法,19,11824,0.4696,559.0,0.0387,0.1954,0.001467,49,https://www.jos.org.cn/jos/ch/reader/issue_list.aspx?year_id=2021&quarter_id=10,https://www.jos.org.cn/jos/article/pdf/6016
263,263_基于事件关系保障识别质量的自适应分析方法.pdf,基于事件关系保障识别质量的自适应分析方法,软件与系统,21,19888,0.6388,1004.0,0.0403,0.1802,0.000169,56,https://www.jos.org.cn/jos/ch/reader/issue_list.aspx?year_id=2021&quarter_id=7,https://www.jos.org.cn/jos/article/pdf/6268
264,264_面向多方安全的数据联邦系统.pdf,面向多方安全的数据联邦系统,软件与系统,17,15482,0.6833,900.0,0.0575,0.2203,0.000597,62,https://www.jos.org.cn/jos/ch/reader/issue_list.aspx?year_id=2022&quarter_id=3,https://www.jos.org.cn/jos/article/pdf/6458
265,265_面向航空航天领域的工业CFD软件研发设计.pdf,面向航空航天领域的工业CFD软件研发设计,软件与系统,22,19224,0.6303,822.0,0.0407,0.1775,0.0,126,https://www.jos.org.cn/jos/ch/reader/issue_list.aspx?year_id=2022&quarter_id=5,https://www.jos.org.cn/jos/article/pdf/6547
266,266_大粒度PullRequest描述自动生成.pdf,大粒度PullRequest描述自动生成,人工智能与算法,15,11242,0.4228,711.0,0.0403,0.1221,0.00136,68,https://www.jos.org.cn/jos/ch/reader/issue_list.aspx?year_id=2021&quarter_id=6,https://www.jos.org.cn/jos/article/pdf/6239
267,267_基于指针生成网络的代码注释自动生成模型.pdf,基于指针生成网络的代码注释自动生成模型,软件与系统,24,18248,0.4472,813.5,0.0411,0.2265,1.8e-05,95,https://www.jos.org.cn/jos/ch/reader/issue_list.aspx?year_id=2021&quarter_id=7,https://www.jos.org.cn/jos/article/pdf/6270
268,268_基于双解码U型卷积神经网络的胰腺分割.pdf,基于双解码U型卷积神经网络的胰腺分割,人工智能与算法,12,9225,0.5298,714.5,0.0407,0.1818,0.000439,47,https://www.jos.org.cn/jos/ch/reader/issue_list.aspx?year_id=2022&quarter_id=5,https://www.jos.org.cn/jos/article/pdf/6198
269,269_一种优化的数据流驱动的微服务化拆分方法.pdf,一种优化的数据流驱动的微服务化拆分方法,软件与系统,18,16937,0.6171,983.5,0.0414,0.3025,0.0,89,https://www.jos.org.cn/jos/ch/reader/issue_list.aspx?year_id=2021&quarter_id=5,https://www.jos.org.cn/jos/article/pdf/6233
270,270_开放环境多分布特性的局部敏感哈希检索方法.pdf,开放环境多分布特性的局部敏感哈希检索方法,人工智能与算法,18,15152,0.6014,853.5,0.0408,0.5222,0.001907,53,https://www.jos.org.cn/jos/ch/reader/issue_list.aspx?year_id=2022&quarter_id=4,https://www.jos.org.cn/jos/article/pdf/6463
271,271_面向ROS的差分模糊测试方法.pdf,面向ROS的差分模糊测试方法,软件与系统,15,12684,0.6171,892.0,0.0415,0.1392,0.0,66,https://www.jos.org.cn/jos/ch/reader/issue_list.aspx?year_id=2021&quarter_id=6,https://www.jos.org.cn/jos/article/pdf/6254
272,272_一种基于功率调控的WiFiDirect节能优化机制.pdf,一种基于功率调控的WiFiDirect节能优化机制,人工智能与算法,18,13244,0.5495,653.5,0.0409,0.1192,0.00135,35,https://www.jos.org.cn/jos/ch/reader/issue_list.aspx?year_id=2021&quarter_id=8,https://www.jos.org.cn/jos/article/pdf/6192
273,273_一种监控系统的链路跟踪型日志数据的存储设计.pdf,一种监控系统的链路跟踪型日志数据的存储设计,软件与系统,20,15379,0.633,709.0,0.0418,0.1286,6.3e-05,57,https://www.jos.org.cn/jos/ch/reader/issue_list.aspx?year_id=2021&quarter_id=5,https://www.jos.org.cn/jos/article/pdf/6234
274,274_深度矩阵分解推荐算法.pdf,深度矩阵分解推荐算法,人工智能与算法,12,9357,0.5351,861.0,0.041,0.3447,0.000366,81,https://www.jos.org.cn/jos/ch/reader/issue_list.aspx?year_id=2021&quarter_id=12,https://www.jos.org.cn/jos/article/pdf/6141
275,275_基于混沌工程的微服务韧性风险识别和分析.pdf,基于混沌工程的微服务韧性风险识别和分析,软件与系统,25,19037,0.4978,740.0,0.0436,0.2791,0.000423,62,https://www.jos.org.cn/jos/ch/reader/issue_list.aspx?year_id=2021&quarter_id=5,https://www.jos.org.cn/jos/article/pdf/6231
276,276_一种协同过滤式零次学习方法.pdf,一种协同过滤式零次学习方法,人工智能与算法,15,11958,0.5239,816.0,0.0416,0.2149,0.001148,87,https://www.jos.org.cn/jos/ch/reader/issue_list.aspx?year_id=2021&quarter_id=9,https://www.jos.org.cn/jos/article/pdf/6418
277,277_程序智能合成技术研究进展.pdf,程序智能合成技术研究进展,软件与系统,13,10948,0.5239,895.0,0.0443,0.3352,3.7e-05,150,https://www.jos.org.cn/jos/ch/reader/issue_list.aspx?year_id=2021&quarter_id=5,https://www.jos.org.cn/jos/article/pdf/6200
278,278_超图学习综述_算法分类与应用分析.pdf,超图学习综述_算法分类与应用分析,人工智能与算法,26,20198,0.57,778.5,0.0418,0.3546,0.0,103,https://www.jos.org.cn/jos/ch/reader/issue_list.aspx?year_id=2022&quarter_id=2,https://www.jos.org.cn/jos/article/pdf/6353
279,279_基于代码自然性的切片粒度缺陷预测方法.pdf,基于代码自然性的切片粒度缺陷预测方法,软件与系统,23,19756,0.5506,856.0,0.0444,0.197,0.000119,104,https://www.jos.org.cn/jos/ch/reader/issue_list.aspx?year_id=2021&quarter_id=7,https://www.jos.org.cn/jos/article/pdf/6261
280,280_基于随机森林的宫颈鳞癌放化疗疗效预测.pdf,基于随机森林的宫颈鳞癌放化疗疗效预测,人工智能与算法,17,11371,0.4596,634.0,0.0425,0.1339,0.00048,56,https://www.jos.org.cn/jos/ch/reader/issue_list.aspx?year_id=2021&quarter_id=12,https://www.jos.org.cn/jos/article/pdf/6136
281,281_面向分布式图计算作业的容错技术研究综述.pdf,面向分布式图计算作业的容错技术研究综述,软件与系统,25,25503,0.6201,1025.0,0.0447,0.1219,0.000191,46,https://www.jos.org.cn/jos/ch/reader/issue_list.aspx?year_id=2021&quarter_id=7,https://www.jos.org.cn/jos/article/pdf/6269
282,282_SSRules_让智能家居自动化规则更易于编写和检查.pdf,SSRules_让智能家居自动化规则更易于编写和检查,人工智能与算法,23,20460,0.588,918.0,0.043,0.2146,0.001354,38,https://www.jos.org.cn/jos/ch/reader/issue_list.aspx?year_id=2021&quarter_id=12,https://www.jos.org.cn/jos/article/pdf/6098
283,283_面向微服务架构的开发组织适应性评估框架.pdf,面向微服务架构的开发组织适应性评估框架,软件与系统,28,25348,0.6369,996.5,0.0449,0.2976,1.9e-05,67,https://www.jos.org.cn/jos/ch/reader/issue_list.aspx?year_id=2021&quarter_id=5,https://www.jos.org.cn/jos/article/pdf/6232
284,284_基于多覆盖模型的神经机器翻译.pdf,基于多覆盖模型的神经机器翻译,人工智能与算法,12,8027,0.496,639.5,0.0445,0.1483,0.000925,14,https://www.jos.org.cn/jos/ch/reader/issue_list.aspx?year_id=2022&quarter_id=3,https://www.jos.org.cn/jos/article/pdf/6201
285,285_一个机载软件需求形式化建模与分析实例研究.pdf,一个机载软件需求形式化建模与分析实例研究,软件与系统,22,17384,0.5454,743.0,0.0451,0.2938,0.000257,79,https://www.jos.org.cn/jos/ch/reader/issue_list.aspx?year_id=2022&quarter_id=5,https://www.jos.org.cn/jos/article/pdf/6554
286,286_CMvSC_知识迁移下的深度一致性多视图谱聚类网络.pdf,CMvSC_知识迁移下的深度一致性多视图谱聚类网络,人工智能与算法,17,13017,0.5722,682.0,0.0482,0.3402,0.00145,63,https://www.jos.org.cn/jos/ch/reader/issue_list.aspx?year_id=2022&quarter_id=4,https://www.jos.org.cn/jos/article/pdf/6474
287,287_基于程序层次树的日志打印位置决策方法.pdf,基于程序层次树的日志打印位置决策方法,软件与系统,16,12601,0.6049,806.5,0.0472,0.2165,0.000709,76,https://www.jos.org.cn/jos/ch/reader/issue_list.aspx?year_id=2021&quarter_id=9,https://www.jos.org.cn/jos/article/pdf/5990
288,288_基于完全有限前缀展开的行为等价过程树生成算法.pdf,基于完全有限前缀展开的行为等价过程树生成算法,人工智能与算法,18,11158,0.4868,706.5,0.0483,0.3623,0.001944,55,https://www.jos.org.cn/jos/ch/reader/issue_list.aspx?year_id=2021&quarter_id=5,https://www.jos.org.cn/jos/article/pdf/6162
289,289_基于变分自编码器的异构缺陷预测特征表示方法.pdf,基于变分自编码器的异构缺陷预测特征表示方法,软件与系统,15,11638,0.5672,821.0,0.0485,0.2494,0.000175,61,https://www.jos.org.cn/jos/ch/reader/issue_list.aspx?year_id=2021&quarter_id=7,https://www.jos.org.cn/jos/article/pdf/6257
290,290_基于强化学习的温度感知多核任务调度.pdf,基于强化学习的温度感知多核任务调度,人工智能与算法,17,13133,0.5866,702.0,0.049,0.1768,0.001338,122,https://www.jos.org.cn/jos/ch/reader/issue_list.aspx?year_id=2021&quarter_id=8,https://www.jos.org.cn/jos/article/pdf/6190
291,291_编程现场上下文深度感知的代码行推荐.pdf,编程现场上下文深度感知的代码行推荐,软件与系统,20,16992,0.5533,836.0,0.0493,0.2513,0.000427,105,https://www.jos.org.cn/jos/ch/reader/issue_list.aspx?year_id=2021&quarter_id=11,https://www.jos.org.cn/jos/article/pdf/6059
292,292_邻域形态空间多源免疫检测器生成与检测.pdf,邻域形态空间多源免疫检测器生成与检测,人工智能与算法,18,11185,0.519,691.0,0.0491,0.2979,0.00058,56,https://www.jos.org.cn/jos/ch/reader/issue_list.aspx?year_id=2021&quarter_id=10,https://www.jos.org.cn/jos/article/pdf/6017
293,293_基于机器学习的三维场景高度真实感绘制方法综述.pdf,基于机器学习的三维场景高度真实感绘制方法综述,人工智能与算法,21,17075,0.5323,883.0,0.0715,0.2056,0.00067,133,https://www.jos.org.cn/jos/ch/reader/issue_list.aspx?year_id=2022&quarter_id=1,https://www.jos.org.cn/jos/article/pdf/6334
294,294_多尺度目标检测的深度学习研究综述.pdf,多尺度目标检测的深度学习研究综述,人工智能与算法,27,25979,0.5833,982.0,0.0514,0.2521,0.0,116,https://www.jos.org.cn/jos/ch/reader/issue_list.aspx?year_id=2021&quarter_id=4,https://www.jos.org.cn/jos/article/pdf/6166
295,295_内存数据库并发控制算法的实验研究.pdf,内存数据库并发控制算法的实验研究,软件与系统,24,19515,0.6358,906.5,0.0504,0.1687,0.000379,91,https://www.jos.org.cn/jos/ch/reader/issue_list.aspx?year_id=2022&quarter_id=3,https://www.jos.org.cn/jos/article/pdf/6454
296,296_基于关联记忆网络的中文细粒度命名实体识别.pdf,基于关联记忆网络的中文细粒度命名实体识别,人工智能与算法,13,8707,0.5865,590.0,0.0525,0.206,0.0,17,https://www.jos.org.cn/jos/ch/reader/issue_list.aspx?year_id=2021&quarter_id=8,https://www.jos.org.cn/jos/article/pdf/6114
297,297_SG-Edge_电力物联网可信边缘计算框架关键技术.pdf,SG-Edge_电力物联网可信边缘计算框架关键技术,软件与系统,23,19612,0.664,851.0,0.0504,0.2457,0.0,78,https://www.jos.org.cn/jos/ch/reader/issue_list.aspx?year_id=2022&quarter_id=2,https://www.jos.org.cn/jos/article/pdf/6154
298,298_基于可变形卷积时空网络的乘车需求预测模型.pdf,基于可变形卷积时空网络的乘车需求预测模型,人工智能与算法,13,10005,0.5586,734.0,0.0526,0.251,0.001004,39,https://www.jos.org.cn/jos/ch/reader/issue_list.aspx?year_id=2021&quarter_id=12,https://www.jos.org.cn/jos/article/pdf/6115
299,299_视觉问答研究综述.pdf,视觉问答研究综述,人工智能与算法,24,23749,0.5294,1253.5,0.0572,0.2297,0.000694,38,https://www.jos.org.cn/jos/ch/reader/issue_list.aspx?year_id=2021&quarter_id=8,https://www.jos.org.cn/jos/article/pdf/6215
300,300_基于双注意力残差循环单幅图像去雨集成网络.pdf,基于双注意力残差循环单幅图像去雨集成网络,软件与系统,10,6846,0.4553,631.5,0.0604,0.2732,0.000819,20,https://www.jos.org.cn/jos/ch/reader/issue_list.aspx?year_id=2021&quarter_id=10,https://www.jos.org.cn/jos/article/pdf/6018
